Plot,MaxD,MedianD,Q25D,Q75D,NQD,CPA,Volume,DeadwoodVolume,DeadwoodShare,RegenerationArea,TreeLayer2Area,TreeLayer2Height,ForestSuccesionalStage,ForestSuccessionalStage_Ord
T1_10,58.06656449,30.45187768,27.21315247,40.13296656,42.42698668,87.2,379.160564,9.621000616,2.474654534,0,80,10,Mid_Optimum,5
T1_11,103.8881407,54.08791611,44.93607815,83.09605157,70.55175382,97.9,1201.172802,21.30486782,1.742761307,5,30,15,Late_Optimum,6
T1_12,52.25541324,40.45538168,37.71523656,46.14976149,20.84895652,88.5,537.1323953,15.51286332,2.807020069,5,30,10,Mid_Optimum,5
T1_13,74.77868602,36.53872961,17.48309383,52.97874291,97.14527423,83.4,519.3942296,4.06255065,0.776100493,5,20,12,Late_Optimum,6
T1_14,67.03862935,20.56607238,17.44419711,29.05784629,56.46994215,82.1,155.1737702,421.8473294,73.10778231,50,40,10,Regeneration,2
T1_15,48.87900889,30.01260222,27.57852259,31.89858171,14.39415048,94.7,230.5462282,98.41910907,29.91777489,30,20,12,Mid_Optimum,5
T1_16,56.60292202,41.23632121,25.69618412,45.24572666,47.40855141,39.8,279.3578863,11.86469595,4.074098876,5,0,0,Mid_Optimum,5
T1_17,30.92555991,18.90258264,17.09683732,26.57428837,50.13839238,65,50.06373182,0.120165921,0.239451151,60,50,10,Early_Optimum,4
T1_19,28.86942112,28.86942112,28.86942112,28.86942112,0,1.4,8.15440053,25.29256932,75.61991246,0,30,10,Gap,1
T1_20,54.27981802,31.29308362,26.83866026,33.21625948,20.38021977,67.7,246.0884049,29.22798693,10.61614484,10,30,8,Mid_Optimum,5
T1_21,80.1893909,37.00575167,30.71064049,45.90331109,41.05488988,85.3,489.3713959,301.5792611,38.12870733,10,20,10,Decay,9
T1_22,84.03238017,35.98222714,31.93894667,47.08738097,42.09976843,88.2,682.1521841,7.999908556,1.159151532,20,20,12,Late_Optimum,6
T1_23,70.59170116,37.05241559,32.54581989,42.18417039,26.0127453,93.1,423.828075,7.304752646,1.694316039,10,10,12,Late_Optimum,6
T1_24,50.0919518,35.72628163,30.90562693,39.63268332,24.42755301,90.8,374.6518079,29.45283692,7.288418308,0,0,0,Mid_Optimum,5
T1_25,56.47831351,26.04163395,24.15479974,29.04766498,18.78862613,78.2,245.1733049,141.8966417,36.65917309,2,70,12,Early_Optimum,4
T1_27,50.6208787,13.12462536,12.59048865,29.20191734,126.5668789,17.8,48.90470489,145.1026288,74.79234214,40,0,0,Gap,1
T1_28,61.73670729,28.81224159,21.68060309,41.34688379,68.256684,46.8,173.0328245,101.7527311,37.02986894,5,10,8,Decay,9
T1_29,45.57024258,33.69562157,25.58229402,38.10523561,37.16489269,54.2,170.2345214,373.6193254,68.69847985,20,10,6,Decay,9
T1_30,41.32345039,28.68283173,21.35408391,36.45858716,52.66043254,29.5,74.50142337,415.1295064,84.78416725,0,20,8,Gap,1
T1_31,46.88468463,28.37309875,15.99913168,34.85163083,66.44497774,70.3,105.9763674,397.9974045,78.97184868,40,0,0,Decay,9
T1_32,48.47725815,24.36019293,16.85366581,31.9857944,62.11826251,90.2,152.9030476,432.0361394,73.86000955,5,20,8,Decay,9
T1_33,26.80399644,14.87015217,13.73225779,19.49139037,38.7294798,16.3,16.74625546,546.7829641,97.02832526,20,5,10,Gap,1
T1_34,25.20896769,12.61538404,11.91332361,13.70351096,14.19051011,31.9,8.885936958,391.3665038,97.77991686,40,0,0,Decay,9
T1_35,49.52420837,16.97258564,14.04815559,24.41094903,61.05606808,79.5,85.28281937,327.4431629,79.33669722,40,40,15,Decay,9
T1_36,44.29866497,15.46250063,14.77972568,19.17365637,28.41668882,89.9,62.05971877,456.1578385,88.024389,80,30,14,Regeneration,2
T1_37,40.77233762,24.12462857,13.90906718,34.71730374,86.25308572,39.6,71.95460904,310.3079871,81.17665454,10,20,8,Decay,9
T1_38,30.23371992,16.08626711,14.61947931,18.28871816,22.80975955,60.5,35.54120006,478.6573749,93.08803995,30,30,12,Decay,9
T1_39,25.02428256,14.02903857,12.74885142,15.63800495,20.59409495,52,17.56608326,375.1634975,95.52718101,50,0,0,Regeneration,2
T1_4,64.57877767,32.3655296,28.08066116,38.54754808,32.33961272,69.9,354.4961709,100.6000382,22.10522439,10,20,10,Terminal,8
T1_40,34.39836229,14.81041603,13.34056426,15.78210794,16.48531457,36.8,23.61782876,395.9634567,94.37109576,70,20,6,Regeneration,2
T1_41,33.36825907,25.96100521,15.88577185,28.34983379,48.0107062,22.3,28.27915875,252.2337974,89.91876912,1,5,15,Gap,1
T1_42,48.62896932,32.14753282,28.33840978,34.12082339,17.98711473,69.2,307.2633882,26.6242712,7.974020737,5,0,0,Mid_Optimum,5
T1_43,46.88482082,34.34017699,32.05145973,37.43341431,15.67247187,88.3,419.0261752,48.10827179,10.29859222,0,30,14,Mid_Optimum,5
T1_44,58.06812922,37.92284773,29.14876121,44.22963394,39.76724751,82.6,408.4538999,168.7827721,29.23978678,5,20,14,Mid_Optimum,5
T1_45,56.68256084,40.22459002,35.32684652,46.68851715,28.24558467,86.2,585.3932298,45.02438963,7.14199417,0,20,12,Mid_Optimum,5
T1_46,32.13361964,19.11375994,15.65179044,22.66290059,36.68095741,41,34.42128162,624.6678901,94.77744695,5,40,10,Decay,9
T1_47,39.95923941,21.85045555,14.17505468,27.78332206,62.27910146,47.1,53.80458306,332.1217139,86.05832681,5,10,14,Decay,9
T1_48,20.04476701,14.43514909,13.85239479,15.78806551,13.40942659,33.7,6.327118032,433.7170676,98.56216302,10,5,8,Decay,9
T1_49,49.97721543,28.54132798,17.1731581,36.9540903,69.30627828,53.7,118.0671419,320.2412327,73.06299657,20,60,12,Early_Optimum,4
T1_5,60.55131627,43.34592025,39.52281711,49.52729148,23.08054439,85.6,605.9976129,3.633330544,0.595988538,40,20,10,Late_Optimum,6
T1_50,54.78418645,27.77099032,20.71065071,36.30085018,56.13843543,88.5,190.1601197,149.2259646,43.96938222,70,50,8,Regeneration,2
T1_51,39.28737538,19.14215036,14.40128626,20.5075042,31.89933119,65,47.66413904,471.2795852,90.81516226,40,10,6,Decay,9
T1_52,47.5522932,23.21500124,16.11900224,38.84243007,97.88251825,53.1,122.2296479,376.7725455,75.50518825,5,10,12,Decay,9
T1_53,53.03414527,41.74973639,35.86949376,49.62140198,32.9389103,91.5,513.6574983,1.889892898,0.366579859,5,20,8,Mid_Optimum,5
T1_54,46.57942303,35.51528926,32.1597959,37.36125227,14.64568213,81.6,333.5136935,255.345041,43.36269907,1,0,0,Decay,9
T1_55,49.77424359,28.89091075,21.31754528,37.68173399,56.64130444,80.8,210.5728034,403.8778959,65.72991069,30,50,15,Early_Optimum,4
T1_56,28.68486197,18.80476513,17.30847998,21.08886591,20.10334031,53.1,30.54999997,192.2098412,86.28567887,20,30,8,Decay,9
T1_57,38.0440334,18.45513876,17.00006247,23.18817618,33.53057265,88.6,89.5936627,216.1973363,70.70101377,40,60,12,Early_Optimum,4
T1_58,56.09513626,29.40640563,20.25235452,36.66422396,55.81052526,89.8,207.6679459,36.04412123,14.78963338,30,70,10,Mid_Optimum,5
T1_59,34.57559921,25.03948216,14.4341233,27.82839143,53.49259239,39.9,57.04498094,445.4204383,88.6469837,5,10,12,Decay,9
T1_6,81.13681679,46.20696641,38.54565786,55.29452116,36.24748518,96.2,919.0925691,6.656569536,0.719046798,10,10,10,Late_Optimum,6
T1_60,31.41154404,17.2847579,12.42213279,24.25768152,68.47390514,25.1,17.53930442,347.8039687,95.19922612,20,30,13,Gap,1
T1_61,15.43273256,15.43273256,15.43273256,15.43273256,0,1.8,0.585812595,340.3640621,99.82818219,10,0,0,Gap,1
T1_63,16.51100544,14.62531401,14.38713223,15.59322565,8.246615545,14.7,5.089390944,126.6362227,96.13636953,3,20,6,Gap,1
T1_64,14.58025008,14.58025008,14.58025008,14.58025008,0,1.1,0.517925325,350.8790177,99.85260961,0,0,0,Gap,1
T1_7,77.56553473,52.82842961,40.01727262,61.79774651,41.22869835,97.4,1204.110386,65.34347756,5.14736923,0,20,10,Terminal,8
T1_8,65.18533741,27.13217605,18.46824957,37.57996894,70.43931653,91.9,206.6296879,652.6941442,75.95438644,0,20,10,Decay,9
T1_9,69.66236213,25.87424477,17.9288711,50.58945805,126.228175,52.4,324.1652344,708.9457361,68.62241873,5,10,10,Decay,9
T2_1,70.21115091,45.81222063,40.73565112,50.68872362,21.72580233,75.5,579.9324016,4.183030648,0.716130822,0,10,12,Late_Optimum,6
T2_10,49.05256924,38.74336205,37.4709856,42.45250202,12.8577288,87.8,488.767593,10.51316783,2.105662516,5,30,15,Mid_Optimum,5
T2_11,59.77802002,42.29525744,38.64150772,43.97490809,12.60992528,26.8,172.9921684,14.53435018,7.750557249,5,0,0,Gap,1
T2_12,47.53450645,29.50750082,26.77948777,33.90512625,24.14856657,77.9,223.4652588,6.398089041,2.783431592,5,50,13,Mid_Optimum,5
T2_13,50.61255897,39.56398056,32.72329569,41.342119,21.78452011,88,414.2287966,14.23400648,3.322110199,5,30,14,Mid_Optimum,5
T2_14,54.13923408,39.05754872,31.97389973,44.63391706,32.41375289,90.3,512.8824601,36.54823751,6.652019567,0,10,10,Mid_Optimum,5
T2_15,67.44393597,37.34035208,30.84730541,49.87421851,50.95536606,86,372.4631626,22.52121395,5.701798675,10,10,10,Terminal,8
T2_16,48.26626796,36.82435078,32.5898357,38.68718638,16.55793123,86.2,424.4957027,19.05030776,4.29500149,5,10,10,Mid_Optimum,5
T2_17,44.13573094,34.07966299,29.54159199,40.16928808,31.18486266,47.3,175.0045514,15.94763845,8.351639465,0,10,8,Mid_Optimum,5
T2_18,46.60307776,37.96074754,33.1302545,39.22698555,16.06061905,89.5,376.2270266,32.36807935,7.921798103,0,0,0,Mid_Optimum,5
T2_19,66.7488351,45.39109866,42.27560254,54.20350784,26.27807138,93.2,838.0093792,5.018826865,0.595333208,0,20,15,Late_Optimum,6
T2_2,56.87813088,44.5695197,41.86076199,47.32429302,12.25844718,88.3,826.5416971,6.097325329,0.732289163,5,30,13,Mid_Optimum,5
T2_20,58.482493,42.41370976,39.07445856,44.04155339,11.71105961,87.3,619.9712996,7.915607601,1.260674098,0,0,0,Mid_Optimum,5
T2_21,57.7450711,39.27354353,31.53869757,44.67873265,33.45772725,69.9,349.8390074,222.3029414,38.85450837,1,10,10,Decay,9
T2_22,71.5869145,43.6189164,37.83646981,49.46720832,26.66443706,91.2,679.1793661,6.184146602,0.902316287,0,20,15,Late_Optimum,6
T2_23,45.91374817,36.44982933,26.39178234,38.44576625,33.07006953,27.6,154.4459914,325.4530221,67.81698085,3,20,13,Gap,1
T2_25,22.54685226,14.86821013,13.18316013,16.11070146,19.68993785,37,11.3896651,133.1958306,92.12253965,40,10,7,Decay,9
T2_27,42.65830599,24.19680442,16.26180578,27.51876617,46.52250851,23.9,58.18337579,372.947537,86.504476,2,30,10,Gap,1
T2_28,30.48317024,26.81747825,24.89760203,28.33286997,12.80980974,22.2,34.26774077,287.0448898,89.33507821,20,30,10,Gap,1
T2_29,63.3766885,44.05497754,35.31898229,51.57452366,36.89830814,67.1,393.5508778,19.15892441,4.642226646,10,0,0,Late_Optimum,6
T2_3,67.02566299,53.08436022,50.39295532,56.78214793,12.03592279,94.3,1176.752782,24.70711108,2.056424124,0,10,13,Late_Optimum,6
T2_30,44.46973779,31.25513926,29.03645636,36.52450024,23.95780043,92.4,344.7795123,25.02510516,6.767115384,0,60,15,Mid_Optimum,5
T2_31,55.48198869,39.87487159,37.70027292,43.41427668,14.32983616,91.2,514.930718,9.799357685,1.867504482,0,30,15,Mid_Optimum,5
T2_32,78.67098305,40.44775536,36.73238614,47.00663954,25.40129435,91.4,433.649597,44.1240219,9.235340787,0,10,15,Terminal,8
T2_33,65.3913559,43.72350323,37.0670385,48.17288829,25.40018289,60.7,368.517484,509.0945751,58.00906788,10,20,15,Decay,9
T2_34,81.77636035,27.17834434,22.18081215,41.52260989,71.16621049,86.1,378.2008632,6.486132247,1.686080456,0,90,15,Late_Optimum,6
T2_35,64.09290874,44.67174361,39.99366623,55.07662677,33.7639844,84.7,734.0521168,22.26648827,2.94406195,20,20,15,Late_Optimum,6
T2_36,57.50821458,41.4160299,37.21708451,43.31814232,14.73115077,81.7,533.1308822,18.34792191,3.327040273,0,10,10,Mid_Optimum,5
T2_37,32.71613804,19.73491589,17.26230337,21.43499739,21.14371321,90.8,70.65038168,262.0406379,78.7639649,10,80,8,Establishment,3
T2_38,46.29790095,26.49921212,19.51667778,38.40672321,71.28530971,86.7,298.0213272,333.7115939,52.82479079,30,90,7,Establishment,3
T2_39,60.14107441,37.83145805,14.62596741,48.90243445,90.60308223,94,501.1256082,321.7854804,39.10331078,90,0,0,Regeneration,2
T2_4,68.2364591,48.18319995,44.63220397,53.14565352,17.66891686,94.6,1008.439208,11.79545427,1.1561511,0,0,0,Late_Optimum,6
T2_40,50.44870099,35.51179985,27.03508866,38.77918334,33.07096437,92.6,386.353781,226.1453474,36.92174191,70,60,10,Regeneration,2
T2_41,54.8652529,36.86563871,28.73130011,45.87836512,46.51232314,50.5,266.7775436,387.7014347,59.23817992,50,0,0,Regeneration,2
T2_42,57.58307042,35.97497302,34.44829189,41.80262129,20.44290456,96.5,465.471341,77.59356912,14.28808374,10,10,10,Mid_Optimum,5
T2_43,23.36906303,20.85892847,17.76743482,21.48855395,17.83945488,71.3,43.91855475,226.9343609,83.78509065,10,70,10,Establishment,3
T2_44,54.44484433,42.45875428,39.73102536,44.05881854,10.19293489,90.4,683.7049139,3.287362588,0.478515218,10,0,0,Mid_Optimum,5
T2_45,59.42339292,40.63064809,36.40135965,46.68431471,25.30837075,98.2,377.9338195,117.8057988,23.76364415,50,40,10,Mid_Optimum,5
T2_46,34.77007328,18.1633255,16.21647948,19.37127081,17.36901827,84,46.03036643,105.3562162,69.59415714,40,50,10,Establishment,3
T2_47,51.38368858,37.21400762,35.16097309,42.62352172,20.05306363,91.9,472.7748025,17.71921118,3.612523433,5,10,10,Mid_Optimum,5
T2_48,54.55835707,16.29210723,14.42332342,31.78189327,106.5458851,73.9,166.6427903,295.5422093,63.94456972,50,20,6,Regeneration,2
T2_49,33.43578122,33.43578122,33.43578122,33.43578122,0,1.7,12.51698464,43.32688051,77.58574804,5,10,10,Gap,1
T2_5,56.23261687,42.44619076,40.9753657,49.61798712,20.36135932,91.1,598.1142537,5.042277763,0.835981623,0,10,14,Mid_Optimum,5
T2_50,36.12106807,25.40815682,21.38276461,28.78158471,29.11986159,84,142.4522041,17.34119884,10.85226206,10,60,10,Early_Optimum,4
T2_51,41.40442205,31.95660492,29.9711246,35.18731119,16.32271827,85.2,279.2860142,18.28721784,6.145451227,0,10,10,Mid_Optimum,5
T2_52,38.67647564,30.24814553,28.16569863,32.47034572,14.23111075,81.9,244.1137219,127.5127997,34.31208277,0,20,10,Decay,9
T2_53,39.45849075,34.34826533,32.59315998,36.35935678,10.96473654,23.2,71.33859159,249.4543696,77.76179648,0,10,10,Gap,1
T2_54,32.21593236,30.01354101,26.58134773,31.28539246,15.6730748,39,60.44678,273.6338187,81.90652788,0,5,10,Decay,9
T2_55,33.71828249,25.57362673,24.72155209,27.24039847,9.849390579,39.3,86.91720527,244.9969981,73.81335165,0,10,10,Decay,9
T2_6,55.82099441,39.86433933,37.83248019,43.02630509,13.02874946,88.5,617.2906662,5.90760794,0.947949984,0,20,13,Mid_Optimum,5
T2_62,52.39268122,28.35419224,25.0377735,35.68498794,37.55075919,40.3,113.6215006,17.1101281,13.08797899,20,20,8,Mid_Optimum,5
T2_63,23.89781253,18.85898863,17.65385308,19.99097992,12.39264147,19,11.47316449,89.62325191,88.65126491,30,5,7,Gap,1
T2_65,35.67826266,30.19963405,28.04363321,33.07772425,16.66937762,31.2,92.16007076,108.9363713,54.1712077,10,10,12,Decay,9
T2_66,30.48247989,25.23838559,22.90391284,26.24596639,13.24194664,20.4,31.20800834,135.9120833,81.32599855,0,30,14,Gap,1
T2_67,24.15268414,20.78628045,20.62562447,22.46948229,8.870552021,6.7,8.590072065,161.2426761,94.94204024,0,0,0,Gap,1
T2_7,52.85995727,43.97966152,39.3247484,48.34132322,20.50169218,73.9,513.2789695,40.15809438,7.256126667,5,10,13,Mid_Optimum,5
T2_8,51.40103052,37.03896933,34.58141178,43.18529427,23.22927081,85.6,499.5096414,23.37376344,4.470167388,5,30,15,Mid_Optimum,5
T2_80,14.16653861,12.8882686,12.19291659,14.07237343,14.58269449,4.1,1.896172966,257.5460835,99.26913488,3,10,6,Gap,1
T2_9,60.01863746,45.21187001,42.85737496,47.95184177,11.26798516,74.9,623.6046281,37.43317704,5.66278914,0,5,7,Terminal,8
T3_1,70.87290244,36.98235842,17.63272692,46.71740912,78.64474696,78.6,449.1544515,11.32410653,2.459203872,30,40,12,Late_Optimum,6
T3_10,50.13325693,35.16237028,31.00364866,42.39594555,32.39911529,72.9,253.2922874,2.110600516,0.826380834,0,60,15,Mid_Optimum,5
T3_11,81.63460579,52.14455727,44.56497118,59.51567146,28.67164103,97.5,830.0122837,23.94278432,2.803752237,20,20,10,Late_Optimum,6
T3_12,73.07995699,49.01845822,43.03205865,53.53111046,21.41856802,91.4,770.5572163,24.68748323,3.104388277,1,40,15,Late_Optimum,6
T3_13,79.99871743,50.98526982,38.75740737,64.14484295,49.7936672,96.2,1095.226982,12.86764948,1.161241027,30,97.5,11,Late_Optimum,6
T3_14,94.0298072,44.27329155,27.20897755,55.86868197,64.73362023,94.7,611.454067,16.76212468,2.668209591,30,80,12,Late_Optimum,6
T3_15,70.90872075,45.44342464,39.18607327,56.98544366,39.16819766,83,554.7874886,5.635231771,1.005532354,20,20,12,Late_Optimum,6
T3_16,72.45964316,42.96166995,17.87343194,55.33661203,87.20140567,89.5,821.5126102,27.48556737,3.237411822,10,0,0,Late_Optimum,6
T3_17,68.39048714,40.13200891,28.9846989,46.00325539,42.40644053,85.3,483.0782122,3.38123356,0.695069977,0,10,14,Late_Optimum,6
T3_18,67.51173927,41.83816312,18.51636204,49.1326893,73.17799102,91.5,619.3945271,6.184225301,0.988560637,10,0,0,Late_Optimum,6
T3_19,61.55554221,44.25717543,39.96758339,50.26686911,23.27144836,88.6,845.5869693,22.99170664,2.647049401,40,0,0,Late_Optimum,6
T3_2,70.17778754,20.25023219,17.43073136,47.06034998,146.3174266,83,419.9768006,35.93667805,7.882346044,50,50,8,Plenter,7
T3_20,63.29450725,42.4687757,15.58519291,51.41433984,84.36585784,89.4,658.0199029,7.838666551,1.177226953,90,20,7,Late_Optimum,6
T3_21,74.33802257,48.26134139,19.45429217,52.32741085,68.1148052,86.5,921.5618404,9.963325674,1.069571283,2,0,0,Late_Optimum,6
T3_22,63.69160882,29.40246945,25.36314839,37.43780729,41.06681894,91.7,327.013471,18.5499262,5.368024029,10,50,10,Terminal,8
T3_23,36.74820314,27.27116705,25.12385557,29.0431082,14.37141514,93.4,234.965275,11.12100248,4.519147754,0.5,97.5,12,Early_Optimum,4
T3_24,29.92300075,22.25072562,21.09255419,24.18808787,13.91205725,93.8,151.9771974,10.29539201,6.344504668,20,97.5,10,Early_Optimum,4
T3_25,79.1728736,44.97413479,40.84351543,51.03299976,22.65632098,96.4,965.3817502,32.58452048,3.265092362,60,40,14,Late_Optimum,6
T3_26,54.26186407,38.49156906,28.31842215,44.69615024,42.54887109,96.3,509.3160032,7.961816909,1.539176164,70,20,10,Mid_Optimum,5
T3_27,59.09822093,41.97641898,39.21397294,44.677193,13.0149741,95.4,558.8851774,2.663206703,0.474261306,40,20,10,Mid_Optimum,5
T3_28,59.72412736,39.41210064,35.92860367,43.91671693,20.26817431,89,367.5228876,114.2046863,23.70731768,5,50,13,Mid_Optimum,5
T3_29,52.12024781,36.77157335,34.00987926,41.66781701,20.82570053,83.2,358.6495815,21.68356985,5.701204267,0.5,30,10,Mid_Optimum,5
T3_3,38.21267495,26.49220459,25.75061537,29.27833801,13.31607803,89.2,202.1410168,18.97537673,8.581623653,0,50,10,Early_Optimum,4
T3_30,49.5150377,39.06683876,35.96631977,43.17183168,18.44406188,88.4,367.0809436,32.47118745,8.126896324,70,0,0,Mid_Optimum,5
T3_31,66.60675907,40.77557745,35.07819144,50.20734026,37.10345692,86.1,552.9125283,5.554946847,0.994676878,20,0,0,Late_Optimum,6
T3_32,49.19502281,36.97520887,34.75525022,38.74116122,10.77995535,95.9,365.334131,13.16217385,3.477490713,20,20,14,Mid_Optimum,5
T3_33,57.40208339,37.86302921,37.16612998,41.02284989,10.18597822,52.8,200.2661187,57.52932571,22.31588143,3,10,14,Mid_Optimum,5
T3_36,33.81045056,28.95267876,26.59940583,30.85849557,14.7105205,85.7,243.3037418,3.180155791,1.290208335,50,20,14,Early_Optimum,4
T3_37,44.03635726,31.88189801,29.86959332,35.14642014,16.551169,94.1,323.4773371,6.621461106,2.005902821,20,20,12,Mid_Optimum,5
T3_38,43.52458846,31.05750897,29.51395264,34.39305079,15.70988243,94.7,322.4730702,2.164378909,0.66670648,20,30,14,Mid_Optimum,5
T3_39,50.11740679,33.35075691,32.24160871,38.11930487,17.62387633,92.8,350.3870798,13.87861356,3.810024883,0,50,14,Mid_Optimum,5
T3_4,35.16309109,25.00287287,22.36100941,27.46422077,20.41049997,86.8,179.2142191,13.27762724,6.897760863,0,80,15,Early_Optimum,4
T3_40,49.12100164,35.99360151,33.30433725,38.75330583,15.13871452,88.9,363.7574515,22.92881076,5.929564352,20,0,0,Mid_Optimum,5
T3_41,25.66449106,20.99817469,19.66312282,22.64990165,14.22399269,73.5,81.10807914,6.893911096,7.83381271,30,70,15,Early_Optimum,4
T3_42,45.41831282,19.27001337,17.11591717,26.58174717,49.12207282,92.4,114.707486,1.311457863,1.130382522,20,60,9,Mid_Optimum,5
T3_43,42.53995201,30.43732674,29.55060541,31.53848564,6.531060541,92,293.0775973,6.766912031,2.256807051,10,40,12,Mid_Optimum,5
T3_44,40.92939998,29.08379104,26.9289056,31.69746586,16.3959377,82.3,217.1034306,3.01671437,1.370485364,30,10,14,Mid_Optimum,5
T3_45,51.10352019,34.72039149,25.98176189,39.52016073,38.99264453,85.5,337.5180003,34.07211368,9.169273454,20,20,12,Mid_Optimum,5
T3_46,61.86399336,36.20749032,33.28872277,45.14925446,32.75712177,75.5,415.7529279,52.81975509,11.27247853,1,20,15,Terminal,8
T3_47,48.66483282,35.40477386,29.30780404,38.21662588,25.16277006,72.8,246.6712301,57.28668761,18.84691409,1,10,10,Mid_Optimum,5
T3_48,41.01654638,30.06357861,27.50939984,35.03548052,25.0338816,87.7,356.9885934,21.08972819,5.578137383,40,60,8,Mid_Optimum,5
T3_49,48.1817298,33.3492847,20.46278971,38.12243268,52.95358843,74.4,197.2851017,17.59612604,8.188768383,40,50,13,Mid_Optimum,5
T3_5,26.71164808,14.55257924,13.59644364,16.27159981,18.38269439,55.9,17.812397,14.77820906,45.34499614,40,10,7,Decay,9
T3_50,31.33603504,13.99499454,13.64057457,22.66551479,64.48691488,6.1,9.794826794,10.01100211,50.5457366,5,0,0,Gap,1
T3_54,39.38607994,25.79643337,17.70913877,31.961241,55.24834393,35.9,87.95771714,52.07814567,37.189149,0,0,0,Decay,9
T3_55,33.33087725,25.58759228,22.79428338,28.28307114,21.45097398,44.4,103.3081242,17.39813439,14.41361416,2,0,0,Early_Optimum,4
T3_56,30.06669048,20.8524288,19.46145075,23.03172204,17.12160882,61,86.73847317,41.2433268,32.2259312,0,30,15,Decay,9
T3_57,35.64151211,30.05874176,28.10743199,32.80851904,15.63966679,22,76.77660889,18.29875716,19.24658081,0.5,0,0,Gap,1
T3_6,58.94574623,38.30373693,34.47467771,44.73335332,26.78244064,80.4,558.998669,13.57117702,2.370222099,10,0,0,Mid_Optimum,5
T3_7,59.55213549,39.07283757,32.09900048,46.80762522,37.64411712,80,579.6951427,19.22598302,3.210102665,0,40,12,Mid_Optimum,5
T3_8,54.38802234,28.27967999,24.12710951,35.85248143,41.46218036,89.9,259.3707795,24.95907732,8.778211898,1,60,14,Mid_Optimum,5
T3_9,58.29091428,33.28752347,28.91614106,40.27891776,34.13524202,65.7,245.7302039,40.58746351,14.17567553,10,30,12,Mid_Optimum,5
T4_1,66.32195084,39.2566072,34.3958932,45.43657388,28.12438841,91.2,492.315779,9.932145203,1.977538328,0,10,10,Late_Optimum,6
T4_10,78.25963705,37.28479824,22.19453921,62.17869668,107.2398386,96.3,1201.737123,21.61007361,1.766471012,3,50,12,Plenter,7
T4_11,88.98666938,30.54795523,25.55162111,65.1279315,129.5546955,90.6,920.3948642,26.49100909,2.797698206,60,30,12,Plenter,7
T4_12,76.168455,36.65531021,25.55673322,52.18269601,72.63875995,84.8,508.7867636,37.43671061,6.853735216,50,10,0,Terminal,8
T4_14,71.36505929,36.51387146,23.8678381,43.38139291,53.44148411,86.9,350.1813201,54.28876393,13.42219513,40,90,8,Terminal,8
T4_15,63.71895424,29.92634831,28.00017422,34.54651649,21.87484486,94,444.1776385,10.26279802,2.25833733,0,0,0,Late_Optimum,6
T4_16,41.97482142,29.64535247,27.56074468,31.51829675,13.34965431,84.7,286.6170717,33.20074127,10.38114199,0,0,0,Mid_Optimum,5
T4_17,50.47576063,30.76148799,28.17750484,34.95615981,22.03617386,88.7,311.137919,23.70111752,7.078361522,5,10,15,Mid_Optimum,5
T4_18,42.26846997,32.04008916,27.70506933,33.86252034,19.2179584,86.7,267.2255071,8.053472886,2.925567686,10,30,12,Mid_Optimum,5
T4_19,55.3463574,28.37587357,26.29215092,34.72432096,29.71598398,83.2,172.2596055,19.07127424,9.967692757,10,40,15,Mid_Optimum,5
T4_2,45.30261846,34.76350071,33.5178839,39.38350564,16.8729317,89.3,487.8911034,6.618263028,1.338349378,0,0,0,Mid_Optimum,5
T4_20,94.53298678,36.28708823,33.0445885,41.76105698,24.02085399,92.1,595.4121118,13.57971741,2.229868573,0,30,10,Late_Optimum,6
T4_21,116.0855837,48.27159351,36.73077068,65.49916243,59.59693818,95.9,1453.56866,7.097329088,0.485896786,30,40,15,Late_Optimum,6
T4_22,99.97606197,51.78952791,30.60013255,70.88212141,77.7801816,93.2,1156.193073,250.2558941,17.79345714,10,70,15,Terminal,8
T4_23,60.92277228,27.03230627,24.57004847,29.35729548,17.70935472,96.2,180.8610748,268.1309291,59.71841965,20,0,0,Decay,9
T4_24,76.58099794,25.79421609,22.74081683,46.0345789,90.30614452,93.6,477.043303,196.5604226,29.18042391,5,80,14,Terminal,8
T4_25,83.57772402,38.95475534,31.28133318,48.5207345,44.25493413,90.3,629.7173444,146.1505827,18.83704399,20,30,13,Terminal,8
T4_26,79.01849696,30.61537995,18.63962661,42.90906098,79.2720339,89.2,408.8847407,312.146446,43.29167056,20,50,12,Early_Optimum,4
T4_27,88.59936675,40.89315785,35.50242201,49.84298619,35.06837067,80.4,495.8974692,27.90354789,5.327127473,0,97.5,12,Terminal,8
T4_28,62.9407771,39.62606716,32.56278917,46.56468873,35.33507249,78.6,507.9553604,65.89568571,11.48306449,10,10,12,Terminal,8
T4_29,72.39381527,39.2758404,31.78582806,43.34121684,29.42111148,80.7,480.7996697,29.22389006,5.729909824,0,0,0,Terminal,8
T4_3,47.09913748,38.06398007,36.21597348,42.04675591,15.31837295,86.4,520.3481218,4.372782907,0.833354049,0,50,12,Mid_Optimum,5
T4_30,64.10271661,39.54781447,23.34982193,47.64919276,61.44301817,78.6,531.4020718,5.832052684,1.085570037,20,50,8,Late_Optimum,6
T4_31,75.63998688,16.19145028,13.2699437,56.6000815,267.611221,91.8,772.8993159,13.87356952,1.763351251,30,50,12,Plenter,7
T4_32,95.54634167,28.12789564,24.59971448,35.32915758,38.14520374,93.7,529.5307281,66.78389919,11.19944005,40,97.5,12,Terminal,8
T4_33,92.03283549,39.60569077,36.27601955,42.16227385,14.86214276,94.7,682.2157032,36.40399071,5.065821466,0.5,97.5,12,Terminal,8
T4_34,46.62544496,28.4923386,23.48036894,32.90470981,33.07675443,75.1,144.0663527,17.99883514,11.10592311,10,50,14,Mid_Optimum,5
T4_35,76.65318502,24.02699086,15.69671285,58.58186126,178.487388,87.2,611.7796145,138.6406509,18.47506755,20,40,13,Plenter,7
T4_36,111.9631146,29.63819741,26.65023239,45.95034755,65.11905869,97.4,728.2593908,283.5672964,28.02528338,20,90,13,Terminal,8
T4_37,171.4808117,33.91236096,23.13091131,69.17859081,135.7843518,94.3,1331.850706,265.8682943,16.6404915,10,70,15,Plenter,7
T4_38,70.74833879,32.6298937,26.56757805,59.73992455,101.6624412,89.2,597.5665946,242.9610368,28.90577629,10,70,10,Plenter,7
T4_39,81.2302232,59.743861,46.68536747,67.94804076,35.58972075,91.6,1262.399889,150.0983864,10.62644741,30,0,10,Terminal,8
T4_4,63.11254376,34.88651557,32.46557191,39.99652648,21.58700702,91.1,486.0082801,21.07855568,4.156794101,0,50,13,Late_Optimum,6
T4_40,80.80572261,44.13375286,36.26794756,58.22432593,49.74962913,94.6,787.9742962,346.7824336,30.56006847,10,90,12,Early_Optimum,4
T4_41,84.20499192,33.65885605,27.39863848,54.23466381,79.72946343,89.8,826.5964784,589.7034844,41.63690601,30,70,15,Early_Optimum,4
T4_42,44.68854419,28.87135893,24.90895298,36.87988063,41.46298647,72.5,203.9587537,3.176385874,1.533484797,10,20,15,Mid_Optimum,5
T4_43,45.33727111,36.40760937,28.72074566,41.34666692,34.67934721,75.5,332.1255409,4.347728644,1.292146817,30,30,15,Mid_Optimum,5
T4_44,54.11709468,32.58052078,29.73268813,36.5357744,20.88083957,82.5,353.8215484,14.6248994,3.969341946,0,40,10,Mid_Optimum,5
T4_45,44.62524172,39.9085382,38.277478,42.3042798,10.09007592,66.8,402.3495902,4.306966513,1.059116456,1,30,14,Mid_Optimum,5
T4_46,55.78710068,41.05200496,34.41245389,44.83963568,25.39993309,89,450.0030752,13.67376048,2.948985032,0,40,15,Mid_Optimum,5
T4_47,42.67336918,23.25525187,22.09884825,26.54718297,19.1283016,82.6,117.2584013,29.60392256,20.15760188,30,90,15,Mid_Optimum,5
T4_48,38.86943972,25.80544557,23.35349758,30.86111491,29.09315129,95.4,184.3073453,16.72293326,8.318614183,10,97.5,13,Early_Optimum,4
T4_49,55.16278488,45.26331923,39.80301794,48.42692955,19.05276006,90.5,570.3641041,18.59940813,3.157989883,0,20,14,Mid_Optimum,5
T4_5,43.90291565,28.81284848,26.59935252,31.73865166,17.83683119,95.8,235.6368462,11.21956987,4.544978028,70,0,10,Mid_Optimum,5
T4_50,60.79570109,41.81775683,32.74171255,52.64364206,47.59205425,80.9,512.0161484,8.069859259,1.551639371,20,60,8,Late_Optimum,6
T4_51,69.56883767,43.98486009,36.23851252,53.06375782,38.25235606,71.6,449.5891972,51.09566062,10.20515397,10,10,15,Terminal,8
T4_52,46.39349644,33.22986764,27.94891637,37.93886498,30.063161,73.1,246.8455266,4.91118921,1.950767905,40,40,12,Mid_Optimum,5
T4_53,46.26463171,31.33475347,29.12192495,34.83444929,18.23063438,76.1,299.142022,22.98302785,7.134815457,5,0,0,Mid_Optimum,5
T4_54,40.92076742,29.63784879,28.71493974,31.69788599,10.06465169,89.1,299.5698405,5.937917214,1.9436224,0,20,15,Mid_Optimum,5
T4_58,38.16021386,21.22316725,20.02136842,23.29418344,15.42095479,61.2,126.8107002,39.22458941,23.6242485,5,30,8,Early_Optimum,4
T4_59,70.63528582,38.74444345,33.22232671,46.53364382,34.35671266,77.6,796.3370748,54.39363998,6.393755278,10,20,8,Terminal,8
T4_6,43.92441828,24.00837044,22.20419359,27.84206593,23.48294465,94.9,178.6943771,13.93649783,7.234820395,0.5,97.5,14,Mid_Optimum,5
T4_60,56.59063829,29.8203581,23.89120672,44.9161956,70.50548758,82.6,541.9468132,75.15762416,12.17907693,90,20,8,Mid_Optimum,5
T4_61,67.12630623,31.67616751,24.39971177,38.25229543,43.73188029,81.1,630.5934912,40.87053457,6.086779485,40,30,7,Terminal,8
T4_62,58.17758308,32.53525428,27.32774233,41.57348714,43.78556468,63.4,303.8191951,13.07085084,4.124727491,30,40,8,Mid_Optimum,5
T4_63,64.7473246,39.17563428,29.3482656,45.71216844,41.77061364,65.9,403.8035283,13.30932132,3.190820262,10,0,0,Late_Optimum,6
T4_64,67.84662196,22.15348883,15.86923027,36.07923353,91.2271806,71,216.3369936,27.56195355,11.30056274,40,20,7,Terminal,8
T4_65,50.57093172,27.05590818,20.3132111,34.37541443,51.9746121,55.2,107.2609863,110.2858543,50.69522222,3,30,12,Decay,9
T4_66,44.80656578,34.04099161,31.95976365,37.18169537,15.3401281,78,421.412338,14.07936929,3.23298218,20,0,0,Mid_Optimum,5
T4_67,42.75163494,35.57932353,31.53387693,39.03878302,21.09344794,66.9,302.0673665,31.71611106,9.502001505,1,0,0,Mid_Optimum,5
T4_69,38.14501159,28.32334409,26.81675208,30.60148618,13.36259619,66,210.9442075,19.77681984,8.571745743,5,0,0,Early_Optimum,4
T4_70,36.76974711,26.42815087,24.01496935,28.24046147,15.988603,62.4,155.2258183,14.71492168,8.658854657,10,0,0,Early_Optimum,4
T4_71,20.42481623,16.29810305,14.23474646,18.36145964,25.32020546,1.9,2.694397199,77.59749632,96.64424753,10,0,0,Gap,1
T4_73,37.10157778,27.05501009,25.50592439,28.81817668,12.24265774,45.6,116.5723349,30.21423777,20.58378858,0,0,0,Early_Optimum,4
T4_74,36.14067473,26.72840375,24.85743694,30.35932097,20.58440928,66.9,152.2586093,13.229825,7.994410642,0,5,13,Early_Optimum,4
T4_76,40.24865354,25.28975943,22.35914774,30.38634841,31.74091354,45.3,95.50699118,17.15683226,15.22834193,5,0,0,Mid_Optimum,5
T4_77,32.77848402,24.86301744,14.99235251,26.6214076,46.77250104,67.1,95.84826816,9.312623069,8.855595422,10,0,0,Early_Optimum,4
T4_78,27.8476138,14.74328936,12.69601979,21.51448326,59.81340562,54.2,43.2923537,6.823539361,13.61551984,40,0,0,Early_Optimum,4
T4_79,28.6449048,22.41688403,15.52703586,24.39355326,39.55285397,42,43.47459185,16.53380955,27.55249126,10,10,10,Early_Optimum,4
T4_8,88.4460773,57.47893267,49.64657448,66.44781173,29.23025266,90,1267.887661,10.79058539,0.843885897,10,0,0,Late_Optimum,6
T4_80,32.4084664,24.07733679,12.47844086,26.38060972,57.73964527,40.8,60.60951744,34.70760982,36.41277367,5,0,0,Decay,9
T4_81,34.45710751,22.29614824,13.58159103,26.45866243,57.75469044,48.7,67.45701778,4.275550558,5.960403562,30,5,13,Early_Optimum,4
T4_82,32.08677735,13.93381044,12.26225955,26.44819892,101.8094758,30.5,38.83814855,20.4131268,34.45179311,20,5,12,Decay,9
T4_83,30.67361264,16.54070235,13.75421337,24.1652629,62.94200399,20.4,19.38558849,26.46912538,57.72389172,20,10,11,Gap,1
T4_84,17.48610929,16.30605611,15.56001144,16.7769506,7.46311158,14.9,5.653472227,0,0,1,30,8,Gap,1
T4_9,109.3958433,39.33963521,14.86344168,62.1433519,120.183906,94.9,1237.065816,30.42781696,2.400628782,40,0,12,Plenter,7
T1_1,47.59726218,33.04712536,27.43554268,36.7946321,28.32043426,25.5,66.74765217,31.89376235,32.33303426,0,10,10,Gap,1
T1_18,44.76887869,36.47860902,33.00910909,38.36653922,14.68649785,46,231.7234721,29.37468803,11.25043854,0,0,0,Mid_Optimum,5
T1_2,66.18838543,47.12551493,37.59407968,56.65695018,40.45127257,7,60.41074667,23.75962956,28.22801872,0,0,0,Gap,1
T1_26,43.81799095,30.79695668,28.89545636,33.85127285,16.09190333,90.4,367.8160936,13.24279883,3.475263035,0,20,13,Mid_Optimum,5
T1_3,32.13855805,18.73317285,15.06084624,23.98492528,47.63784073,74.9,71.94037741,0,0,60,30,10,Early_Optimum,4
T2_24,38.13470191,38.13470191,38.13470191,38.13470191,0,3.1,16.0605662,17.20976504,51.72706252,0,10,10,Gap,1
T2_64,15.09732231,15.09732231,15.09732231,15.09732231,0,1,0.873587716,248.3414461,99.64946428,0,10,8,Gap,1
T2_69,12.60361057,12.60361057,12.60361057,12.60361057,0,0.9,0.341867355,215.3971912,99.84153664,0,0,0,Gap,1
T3_51,35.64190517,32.11879588,30.35724123,33.88035052,10.96899555,5.9,21.2330803,44.01948811,67.46016161,0,0,0,Gap,1
T4_68,36.02850957,28.7856383,26.88770472,30.7651167,13.46995308,64.8,200.0623803,49.25601962,19.75627135,0.5,0,0,Early_Optimum,4
T4_7,31.31259863,26.43241674,24.27597889,29.00646108,17.89651789,94.3,236.3807365,12.24875572,4.926509567,0.5,50,10,Early_Optimum,4
T4_72,30.28556717,30.28556717,30.28556717,30.28556717,0,1.7,8.554593191,9.838609737,53.4904648,0,0,0,Gap,1
T4_75,39.40819588,29.98114408,24.13508444,36.89412927,42.55689775,42,115.0141619,15.95544237,12.1825537,5,20,13,Early_Optimum,4
T1_62,NA,NA,NA,NA,NA,0.6,0,283.8458653,100,0,10,13,Gap,1
T1_65,NA,NA,NA,NA,NA,0.1,0,223.8733828,100,0,5,6,Gap,1
T1_66,NA,NA,NA,NA,NA,0.1,0,194.0337949,100,1,0,0,Gap,1
T2_26,NA,NA,NA,NA,NA,0.1,0,305.2297705,100,0,5,10,Gap,1
T2_56,NA,NA,NA,NA,NA,0.4,0,204.4241985,100,0,0,0,Gap,1
T2_57,NA,NA,NA,NA,NA,0.1,0,303.2448214,100,0,5,10,Gap,1
T2_58,NA,NA,NA,NA,NA,0.1,0,183.8127302,100,0,0,0,Gap,1
T2_59,NA,NA,NA,NA,NA,0.1,0,325.3933052,100,0,5,6,Gap,1
T2_60,NA,NA,NA,NA,NA,0.1,0,198.6387315,100,0,0,0,Gap,1
T2_61,NA,NA,NA,NA,NA,0.1,0,211.553218,100,0,0,0,Gap,1
T2_68,NA,NA,NA,NA,NA,0.1,0,115.4808627,100,4,0,0,Gap,1
T2_70,NA,NA,NA,NA,NA,0.1,0,265.9204668,100,0,0,0,Gap,1
T2_71,NA,NA,NA,NA,NA,0.1,0,262.7607882,100,0,0,0,Gap,1
T2_72,NA,NA,NA,NA,NA,0.1,0,290.7227051,100,0,0,0,Gap,1
T2_73,NA,NA,NA,NA,NA,0.1,0,262.8484859,100,0,0,0,Gap,1
T2_74,NA,NA,NA,NA,NA,0.1,0,276.038473,100,2,0,0,Gap,1
T2_75,NA,NA,NA,NA,NA,0.1,0,322.3402177,100,0,0,0,Gap,1
T2_76,NA,NA,NA,NA,NA,0.1,0,320.6364964,100,0,5,6,Gap,1
T2_77,NA,NA,NA,NA,NA,0.1,0,208.9916467,100,2,0,0,Gap,1
T2_78,NA,NA,NA,NA,NA,0.1,0,247.2838734,100,2,0,0,Gap,1
T2_79,NA,NA,NA,NA,NA,0.1,0,307.0690195,100,3,0,0,Gap,1
T2_81,NA,NA,NA,NA,NA,0.1,0,242.9907651,100,1,0,0,Gap,1
T3_52,NA,NA,NA,NA,NA,0.1,0,22.97658283,100,30,10,8,Gap,1
T3_53,NA,NA,NA,NA,NA,0.1,0,98.75779615,100,0,0,0,Gap,1
TS_1,14.93089887,12.08674991,11.61418333,12.75300208,9.422042786,21.7,5.410863379,323.0361653,98.35259177,10,0,0,Gap,1
TS_2,83.20700875,33.57715911,27.75171565,38.68374646,32.55793848,91.8,714.9601917,63.3156053,8.135368663,20,40,10,Terminal,8
TS_3,80.02105069,40.39967989,34.50565356,44.09770121,23.74288034,96.6,890.0753821,64.88095835,6.794128234,70,10,10,Terminal,8
TS_4,65.72745963,33.5392986,31.81140594,36.79476833,14.85827851,92.8,677.0718791,133.9994437,16.5212898,1,10,15,Terminal,8
TS_5,48.42194021,21.79195263,13.37427703,31.78720144,84.49414662,52.7,170.7444705,345.3246994,66.91442147,30,20,6,Decay,9