food,water,kcal,protein,lipid,carb,fiber,ca,fe,mg,p,k,na,zn,cu,vit.c,thiamin,riboflavin,niacin,vit.b6,folate,vit.a,weight
ACEROLA,91.41,32,0.4,0.3,7.69,1.1,12,0.2,18,11,146,7,0.1,0.086,1677.6,0.02,0.06,0.4,0.009,14,767,98
APPLES,85.56,52,0.26,0.17,13.81,2.4,6,0.12,5,11,107,1,0.04,0.027,4.6,0.017,0.026,0.091,0.041,3,54,125
APRICOTS,86.35,48,1.4,0.39,11.12,2,13,0.39,10,23,259,1,0.2,0.078,10,0.03,0.04,0.6,0.054,9,1926,155
ASIAN PEARS,88.25,42,0.5,0.23,10.65,3.6,4,0,8,11,121,0,0.02,0.05,3.8,0.009,0.01,0.219,0.022,8,0,122
AVOCADOS,73.23,160,2,14.66,8.53,6.7,12,0.55,29,52,485,7,0.64,0.19,10,0.067,0.13,1.738,0.257,81,146,150
BANANAS,74.91,89,1.09,0.33,22.84,2.6,5,0.26,27,22,358,1,0.15,0.078,8.7,0.031,0.073,0.665,0.367,20,64,225
BLACKBERRIES,88.15,43,1.39,0.49,9.61,5.3,29,0.62,20,22,162,1,0.53,0.165,21,0.02,0.026,0.646,0.03,25,214,144
BLUEBERRIES,84.21,57,0.74,0.33,14.49,2.4,6,0.28,6,12,77,1,0.16,0.057,9.7,0.037,0.041,0.418,0.052,6,54,148
BREADFRUIT,70.65,103,1.07,0.23,27.12,4.9,17,0.54,25,30,490,2,0.12,0.084,29,0.11,0.03,0.9,0.1,14,0,220
CANTALOUPE,90.15,34,0.84,0.19,8.16,0.9,9,0.21,12,15,267,16,0.18,0.041,36.7,0.041,0.019,0.734,0.072,21,3382,177
CASABA MELON,91.85,28,1.11,0.1,6.58,0.9,11,0.34,11,5,182,9,0.07,0.06,21.8,0.015,0.031,0.232,0.163,8,0,170
CHERIMOYA,79.39,75,1.57,0.68,17.71,3,10,0.27,17,26,287,7,0.16,0.069,12.6,0.101,0.131,0.644,0.257,23,5,160
CRANBERRIES,87.32,46,0.46,0.13,11.97,3.6,8,0.23,6,11,80,2,0.09,0.056,14,0.012,0.02,0.101,0.057,1,63,110
CURRANTS,83.95,56,1.4,0.2,13.8,4.3,33,1,13,44,275,1,0.23,0.107,41,0.04,0.05,0.1,0.07,8,42,112
DURIAN,64.99,147,1.47,5.33,27.09,3.8,6,0.43,30,39,436,2,0.28,0.207,19.7,0.374,0.2,1.074,0.316,36,44,243
ELDERBERRIES,79.8,73,0.66,0.5,18.4,7,38,1.6,5,39,280,6,0.11,0.061,36,0.07,0.06,0.5,0.23,6,600,145
FEIJOA,83.28,61,0.71,0.42,15.21,6.4,17,0.14,9,19,172,3,0.06,0.036,32.9,0.006,0.018,0.295,0.067,23,6,243
FIGS,79.11,74,0.75,0.3,19.18,2.9,35,0.37,17,14,232,1,0.15,0.07,2,0.06,0.05,0.4,0.113,6,142,64
GOOSEBERRIES,87.87,44,0.88,0.58,10.18,4.3,25,0.31,10,27,198,1,0.12,0.07,27.7,0.04,0.03,0.3,0.08,6,290,150
GRAPEFRUIT,90.89,32,0.63,0.1,8.08,1.1,12,0.09,8,8,139,0,0.07,0.047,34.4,0.036,0.02,0.25,0.042,10,927,230
GRAPES,81.3,67,0.63,0.35,17.15,0.9,14,0.29,5,10,191,2,0.04,0.04,4,0.092,0.057,0.3,0.11,4,100,92
GUAVAS,80.8,68,2.55,0.95,14.32,5.4,18,0.26,22,40,417,2,0.23,0.23,228.3,0.067,0.04,1.084,0.11,49,624,165
HONEYDEW MELON,89.82,36,0.54,0.14,9.09,0.8,6,0.17,10,11,228,18,0.09,0.024,18,0.038,0.012,0.418,0.088,19,50,170
JACKFRUIT,73.46,95,1.72,0.64,23.25,1.5,24,0.23,29,21,448,2,0.13,0.076,13.7,0.105,0.055,0.92,0.329,24,110,165
KIWIFRUIT,83.07,61,1.14,0.52,14.66,3,34,0.31,17,34,312,3,0.14,0.13,92.7,0.027,0.025,0.341,0.063,25,87,180
KUMQUATS,80.85,71,1.88,0.86,15.9,6.5,62,0.86,20,19,186,10,0.17,0.095,43.9,0.037,0.09,0.429,0.036,17,290,19
LEMONS,88.98,29,1.1,0.3,9.32,2.8,26,0.6,8,16,138,2,0.06,0.037,53,0.04,0.02,0.1,0.08,11,22,212
LIMES,88.26,30,0.7,0.2,10.54,2.8,33,0.6,6,18,102,2,0.11,0.065,29.1,0.03,0.02,0.2,0.043,8,50,67
LITCHIS,81.76,66,0.83,0.44,16.53,1.3,5,0.31,10,31,171,1,0.07,0.148,71.5,0.011,0.065,0.603,0.1,14,0,190
LOQUATS,86.73,47,0.43,0.2,12.14,1.7,16,0.28,13,27,266,1,0.05,0.04,1,0.019,0.024,0.18,0.1,14,1528,149
MAMMY-APPLE,86.2,51,0.5,0.5,12.5,3,11,0.7,16,11,47,15,0.1,0.086,14,0.02,0.04,0.4,0.1,14,230,846
MANGOS,83.46,60,0.82,0.38,14.98,1.6,11,0.16,10,14,168,1,0.09,0.111,36.4,0.028,0.038,0.669,0.119,43,1082,165
MULBERRIES,87.68,43,1.44,0.39,9.8,1.7,39,1.85,18,38,194,10,0.12,0.06,36.4,0.029,0.101,0.62,0.05,6,25,140
NECTARINES,87.59,44,1.06,0.32,10.55,1.7,6,0.28,9,26,201,0,0.17,0.086,5.4,0.034,0.027,1.125,0.025,5,332,143
ORANGES,86.75,47,0.94,0.12,11.75,2.4,40,0.1,10,14,181,0,0.07,0.045,53.2,0.087,0.04,0.282,0.06,30,225,180
PAPAYAS,88.06,43,0.47,0.26,10.82,1.7,20,0.25,21,10,182,8,0.08,0.045,60.9,0.023,0.027,0.357,0.038,37,950,145
PASSION FRUIT,72.93,97,2.2,0.7,23.38,10.4,12,1.6,29,68,348,28,0.1,0.086,30,0,0.13,1.5,0.1,14,1272,236
PEACHES,88.87,39,0.91,0.25,9.54,1.5,6,0.25,9,20,190,0,0.17,0.068,6.6,0.024,0.031,0.806,0.025,4,326,154
PEARS,83.96,57,0.36,0.14,15.23,3.1,9,0.18,7,12,116,1,0.1,0.082,4.3,0.012,0.026,0.161,0.029,7,25,140
PERSIMMONS,80.32,70,0.58,0.19,18.59,3.6,8,0.15,9,17,161,1,0.11,0.113,7.5,0.03,0.02,0.1,0.1,8,1627,168
PINEAPPLE,86,50,0.54,0.12,13.12,1.4,13,0.29,12,8,109,1,0.12,0.11,47.8,0.079,0.032,0.5,0.112,18,58,165
PLANTAINS,65.28,122,1.3,0.37,31.89,2.3,3,0.6,37,34,499,4,0.14,0.081,18.4,0.052,0.054,0.686,0.299,22,1127,148
PLUMS,87.23,46,0.7,0.28,11.42,1.4,6,0.17,7,16,157,0,0.1,0.057,9.5,0.028,0.026,0.417,0.029,5,345,165
POMEGRANATES,77.93,83,1.67,1.17,18.7,4,10,0.3,12,36,236,3,0.35,0.158,10.2,0.067,0.053,0.293,0.075,38,0,87
PRICKLY PEARS,87.55,41,0.73,0.51,9.57,3.6,56,0.3,85,24,220,5,0.12,0.08,14,0.014,0.06,0.46,0.06,6,43,149
QUINCES,83.8,57,0.4,0.1,15.3,1.9,11,0.7,8,17,197,4,0.04,0.13,15,0.02,0.03,0.2,0.04,3,40,92
RASPBERRIES,85.75,52,1.2,0.65,11.94,6.5,25,0.69,22,29,151,1,0.42,0.09,26.2,0.032,0.038,0.598,0.055,21,33,123
RHUBARB,93.61,21,0.9,0.2,4.54,1.8,86,0.22,12,14,288,4,0.1,0.021,8,0.02,0.03,0.3,0.024,7,102,122
SAPODILLA,78,83,0.44,1.1,19.96,5.3,21,0.8,12,12,193,12,0.1,0.086,14.7,0,0.02,0.2,0.037,14,60,241
SAPOTE,64.87,124,1.45,0.46,32.1,5.4,18,0.78,11,26,454,7,0.19,0.213,23,0.013,0.116,1.432,0.72,7,143,175
SOUR RED CHERRIES,86.13,50,1,0.3,12.18,1.6,16,0.32,9,15,173,3,0.1,0.104,10,0.03,0.04,0.4,0.044,8,1283,155
SOURSOP,81.16,66,1,0.3,16.84,3.3,14,0.6,21,27,278,14,0.1,0.086,20.6,0.07,0.05,0.9,0.059,14,2,225
STARFRUIT,91.38,31,1.04,0.33,6.73,2.8,3,0.08,10,12,133,2,0.12,0.137,34.4,0.014,0.016,0.367,0.017,12,61,132
STRAWBERRIES,90.95,32,0.67,0.3,7.68,2,16,0.41,13,24,153,1,0.14,0.048,58.8,0.024,0.022,0.386,0.047,24,12,152
SUGAR-APPLES,73.23,94,2.06,0.29,23.64,4.4,24,0.6,21,32,247,9,0.1,0.086,36.3,0.11,0.113,0.883,0.2,14,6,250
SWEET CHERRIES,82.25,63,1.06,0.2,16.01,2.1,13,0.36,11,21,222,0,0.07,0.06,7,0.027,0.033,0.154,0.049,4,64,138
TAMARINDS,31.4,239,2.8,0.6,62.5,5.1,74,2.8,92,113,628,28,0.1,0.086,3.5,0.428,0.152,1.938,0.066,14,30,120
TANGERINES,85.17,53,0.81,0.31,13.34,1.8,37,0.15,12,20,166,2,0.07,0.042,26.7,0.058,0.036,0.376,0.078,16,681,195
WATERMELON,91.45,30,0.61,0.15,7.55,0.4,7,0.24,10,11,112,1,0.1,0.042,8.1,0.033,0.021,0.178,0.045,3,569,154
ADZUKI BEANS,13.44,329,19.87,0.53,62.9,12.7,66,4.98,127,381,1254,5,5.04,1.094,0,0.455,0.22,2.63,0.351,622,17,197
BLACK BEANS,11.02,341,21.6,1.42,62.36,15.5,123,5.02,171,352,1483,5,3.65,0.841,0,0.9,0.193,1.955,0.286,444,17,194
BLACK TURTLE BEANS,11,339,21.25,0.9,63.25,15.5,160,8.7,160,440,1500,9,2.2,1,0,0.9,0.193,1.955,0.286,444,17,184
CHICKPEAS,7.68,378,20.47,6.04,62.95,12.2,57,4.31,79,252,718,24,2.76,0.656,4,0.477,0.212,1.541,0.535,557,67,200
CRANBERRY BEANS,12.39,335,23.03,1.23,60.05,24.7,127,5,156,372,1332,6,3.63,0.794,0,0.747,0.213,1.455,0.309,604,2,195
FRENCH BEANS,10.77,343,18.81,2.02,64.11,25.2,186,3.4,188,304,1316,18,1.9,0.44,4.6,0.535,0.221,2.083,0.401,399,8,184
GREAT NORTHERN BEANS,10.7,339,21.86,1.14,62.37,20.2,175,5.47,189,447,1387,14,2.31,0.837,5.3,0.653,0.237,1.955,0.447,482,0,183
HYACINTH BEANS,9.38,344,23.9,1.69,60.74,25.6,130,5.1,283,372,1235,21,9.3,1.335,0,1.13,0.136,1.61,0.155,23,0,210
KIDNEY BEANS,11.75,333,23.58,0.83,60.01,24.9,143,8.2,140,407,1406,24,2.79,0.958,4.5,0.529,0.219,2.06,0.397,394,0,184
LENTILS,8.26,352,24.63,1.06,63.35,10.7,35,6.51,47,281,677,6,3.27,0.754,4.5,0.873,0.211,2.605,0.54,479,39,192
LIMA BEANS,10.17,338,21.46,0.69,63.38,19,81,7.51,224,385,1724,18,2.83,0.74,0,0.507,0.202,1.537,0.512,395,0,178
LUPIN SEEDS,10.44,371,36.17,9.74,40.37,18.9,176,4.36,198,440,1013,15,4.75,1.022,4.8,0.64,0.22,2.19,0.357,355,0,180
MUNG BEANS,9.05,347,23.86,1.15,62.62,16.3,132,6.74,189,367,1246,15,2.68,0.941,4.8,0.621,0.233,2.251,0.382,625,114,207
PEANUTS,6.5,567,25.8,49.24,16.13,8.5,92,4.58,168,376,705,18,3.27,1.144,0,0.64,0.135,12.066,0.348,240,0,28.35
PIGEON PEAS,10.59,343,21.7,1.49,62.78,15,130,5.23,183,367,1392,17,2.76,1.057,0,0.643,0.187,2.965,0.283,456,28,205
PINK BEANS,10.06,343,20.96,1.13,64.19,12.7,130,6.77,182,415,1464,8,2.55,0.81,0,0.772,0.192,1.892,0.527,463,0,210
PINTO BEANS,11.33,347,21.42,1.23,62.55,15.5,113,5.07,176,411,1393,12,2.28,0.893,6.3,0.713,0.212,1.174,0.474,525,0,193
WHITE BEANS,11.32,333,23.36,0.85,60.27,15.2,240,10.44,190,301,1795,16,3.67,0.984,0,0.437,0.146,0.479,0.318,388,0,202
WINGED BEANS,8.34,409,29.65,16.32,41.71,25.9,440,13.44,179,451,977,38,4.48,2.88,0,1.03,0.45,3.09,0.175,45,0,182
YARDLONG BEANS,8.43,347,24.33,1.31,61.91,11,138,8.61,338,559,1157,17,3.5,0.879,1.6,0.887,0.235,2.158,0.371,658,52,167
BREADFRUIT SEEDS,56.27,191,7.4,5.59,29.24,5.2,36,3.67,54,175,941,25,0.9,1.148,6.6,0.482,0.301,0.438,0.32,53,256,28.35
CASHEW NUTS,5.2,553,18.22,43.85,30.19,3.3,37,6.68,292,593,660,12,5.78,2.195,0.5,0.423,0.058,1.062,0.417,25,0,28.35
CHESTNUTS,48.65,213,2.42,2.26,45.54,8.1,27,1.01,32,93,518,3,0.52,0.447,43,0.238,0.168,1.179,0.376,62,28,145
COCONUT MEAT,46.99,354,3.33,33.49,15.23,9,14,2.43,32,113,356,20,1.1,0.435,3.3,0.066,0.02,0.54,0.054,26,0,80
MACADAMIA NUTS,1.36,718,7.91,75.77,13.82,8.6,85,3.69,130,188,368,5,1.3,0.756,1.2,1.195,0.162,2.473,0.275,11,0,134
PISTACHIO NUTS,4.37,560,20.16,45.32,27.17,10.6,105,3.92,121,490,1025,1,2.2,1.3,5.6,0.87,0.16,1.3,1.7,51,516,123
AGAR SEAWEED,91.32,26,0.54,0.03,6.75,0.5,54,1.86,67,5,226,9,0.58,0.061,0,0.005,0.022,0.055,0.032,85,0,10
ALFALFA SPROUTS,92.82,23,3.99,0.69,2.1,1.9,32,0.96,27,70,79,6,0.92,0.157,8.2,0.076,0.126,0.481,0.034,36,155,33
ARROWROOT,80.75,65,4.24,0.2,13.39,1.3,6,2.22,25,98,454,26,0.63,0.121,1.9,0.143,0.059,1.693,0.266,338,19,120
ARTICHOKES,84.94,47,3.27,0.15,10.51,5.4,44,1.28,60,90,370,94,0.49,0.231,11.7,0.072,0.066,1.046,0.116,68,13,128
ARUGULA,91.71,25,2.58,0.66,3.65,1.6,160,1.46,47,52,369,27,0.47,0.076,15,0.044,0.086,0.305,0.073,97,2373,2
ASPARAGUS,93.22,20,2.2,0.12,3.88,2.1,24,2.14,14,52,202,2,0.54,0.189,5.6,0.143,0.141,0.978,0.091,52,756,134
BALSAM-PEAR PODS,94.03,17,1,0.17,3.7,2.8,19,0.43,17,31,296,5,0.8,0.034,84,0.04,0.04,0.4,0.043,72,471,93
BAMBOO SHOOTS,91,27,2.6,0.3,5.2,2.2,13,0.5,3,59,533,4,1.1,0.19,4,0.15,0.07,0.6,0.24,7,20,151
BANANA PEPPER,91.81,27,1.66,0.45,5.35,3.4,14,0.46,17,32,256,13,0.25,0.094,82.7,0.081,0.054,1.242,0.357,29,340,124
BEET GREENS,91.02,22,2.2,0.13,4.33,3.7,117,2.57,70,41,762,226,0.38,0.191,30,0.1,0.22,0.4,0.106,15,6326,38
BEETS,87.58,43,1.61,0.17,9.56,2.8,16,0.8,23,40,325,78,0.35,0.075,4.9,0.031,0.04,0.334,0.067,109,33,136
BLACKEYE PEA PODS,86,44,3.3,0.3,9.5,3.3,65,1,58,65,215,4,0.34,0.1,33,0.15,0.14,1.2,0.173,53,1369,94
BLACKEYE PEAS,77.2,90,2.95,0.35,18.83,5,126,1.1,51,53,431,4,1.01,0.13,2.5,0.11,0.145,1.45,0.067,168,817,145
BROCCOLI,89.3,34,2.82,0.37,6.64,2.6,47,0.73,21,66,316,33,0.41,0.049,89.2,0.071,0.117,0.639,0.175,63,623,91
BROWN MUSHROOMS,92.12,22,2.5,0.1,4.3,0.6,18,0.4,9,120,448,6,1.1,0.5,0,0.095,0.49,3.8,0.11,25,0,87
BRUSSELS SPROUTS,86,43,3.38,0.3,8.95,3.8,42,1.4,23,69,389,25,0.42,0.07,85,0.139,0.09,0.745,0.219,61,754,88
BURDOCK ROOT,80.09,72,1.53,0.15,17.34,3.3,41,0.8,38,51,308,5,0.33,0.077,3,0.01,0.03,0.3,0.24,23,0,118
CABBAGE,92.18,25,1.28,0.1,5.8,2.5,40,0.47,12,26,170,18,0.18,0.019,36.6,0.061,0.04,0.234,0.124,43,98,89
CARDOON,94,17,0.7,0.1,4.07,1.6,70,0.7,42,23,400,170,0.17,0.231,2,0.02,0.03,0.3,0.116,68,0,178
CARROTS,88.29,41,0.93,0.24,9.58,2.8,33,0.3,12,35,320,69,0.24,0.045,5.9,0.066,0.058,0.983,0.138,19,16706,128
CASSAVA,59.68,160,1.36,0.28,38.06,1.8,16,0.27,21,27,271,14,0.34,0.1,20.6,0.087,0.048,0.854,0.088,27,13,206
CAULIFLOWER,92.07,25,1.92,0.28,4.97,2,22,0.42,15,44,299,30,0.27,0.039,48.2,0.05,0.06,0.507,0.184,57,0,107
CELERIAC,88,42,1.5,0.3,9.2,1.8,43,0.7,20,115,300,100,0.33,0.07,8,0.05,0.06,0.7,0.165,8,0,156
CELERY,95.43,16,0.69,0.17,2.97,1.6,40,0.2,11,24,260,80,0.13,0.035,3.1,0.021,0.057,0.32,0.074,36,449,101
CELTUCE,94.5,18,0.85,0.3,3.65,1.7,39,0.55,28,39,330,11,0.27,0.04,19.5,0.055,0.07,0.55,0.05,46,3500,8
CHAYOTE,94.24,19,0.82,0.13,4.51,1.7,17,0.34,12,18,125,2,0.74,0.123,7.7,0.025,0.029,0.47,0.076,93,0,132
CHICORY GREENS,92,23,1.7,0.3,4.7,4,100,0.9,30,47,420,45,0.42,0.295,24,0.06,0.1,0.5,0.105,110,5717,29
CHICORY ROOTS,80,72,1.4,0.2,17.51,1.5,41,0.8,22,61,290,50,0.33,0.077,5,0.04,0.03,0.4,0.241,23,6,60
CHILANTRO,92.21,23,2.13,0.52,3.67,2.8,67,1.77,26,48,521,46,0.5,0.225,27,0.067,0.162,1.114,0.149,62,6748,4
CHIVES,90.65,30,3.27,0.73,4.35,2.5,92,1.6,42,58,296,3,0.56,0.157,58.1,0.078,0.115,0.647,0.138,105,4353,3
CHRYSANTHEMUM GARLAND,91.4,24,3.36,0.56,3.02,3,117,2.29,32,54,567,118,0.71,0.137,1.4,0.13,0.144,0.531,0.176,177,2320,25
CHRYSANTHEMUM LEAVES,91.4,24,3.36,0.56,3.01,3,117,2.3,32,54,567,118,0.71,0.137,1.4,0.13,0.144,0.531,0.176,177,1870,51
COLLARDS,89.62,32,3.02,0.61,5.42,4,232,0.47,27,25,213,17,0.21,0.046,35.3,0.054,0.13,0.742,0.165,129,5019,36
CUCUMBER,95.23,15,0.65,0.11,3.63,0.5,16,0.28,13,24,147,2,0.2,0.041,2.8,0.027,0.033,0.098,0.04,7,105,52
DANDELION GREENS,85.6,45,2.7,0.7,9.2,3.5,187,3.1,36,66,397,76,0.41,0.171,35,0.19,0.26,0.806,0.251,27,10161,55
DISHCLOTH GOURD,93.85,20,1.2,0.2,4.35,1.1,20,0.36,14,32,139,3,0.07,0.035,12,0.05,0.06,0.4,0.043,7,410,95
DOCK,93,22,2,0.7,3.2,2.9,44,2.4,103,63,390,4,0.2,0.131,48,0.04,0.1,0.5,0.122,13,4000,133
DRUMSTICK LEAVES,78.66,64,9.4,1.4,8.28,2,185,4,42,112,337,9,0.6,0.105,51.7,0.257,0.66,2.22,1.2,40,7564,21
DRUMSTICK PODS,88.2,37,2.1,0.2,8.53,3.2,30,0.36,45,50,461,42,0.45,0.084,141,0.053,0.074,0.62,0.12,44,74,100
EGGPLANT,92.3,25,0.98,0.18,5.88,3,9,0.23,14,24,229,2,0.16,0.081,2.2,0.039,0.037,0.649,0.084,22,23,82
ENDIVE,93.79,17,1.25,0.2,3.35,3.1,52,0.83,15,28,314,22,0.79,0.099,6.5,0.08,0.075,0.4,0.02,142,2167,25
EPAZOTE,89.21,32,0.33,0.52,7.44,3.8,275,1.88,121,86,633,43,1.1,0.19,3.6,0.028,0.348,0.639,0.152,215,57,0.8
FAVA BEANS,72.6,88,7.92,0.73,17.63,7.5,37,1.55,33,129,332,25,1,0.402,3.7,0.133,0.29,2.249,0.104,148,333,126
FENNEL BULB,90.21,31,1.24,0.2,7.3,3.1,49,0.73,17,50,414,52,0.2,0.066,12,0.01,0.032,0.64,0.047,27,963,87
FIREWEED LEAVES,70.78,103,4.71,2.75,19.22,10.6,429,2.4,156,108,494,34,2.66,0.32,2.2,0.033,0.137,4.674,0.632,112,3598,23
GARDEN CRESS,89.4,32,2.6,0.7,5.5,1.1,81,1.3,38,76,606,14,0.23,0.17,69,0.08,0.26,1,0.247,80,6917,50
GARLIC,58.58,149,6.36,0.5,33.06,2.1,181,1.7,25,153,401,17,1.16,0.299,31.2,0.2,0.11,0.7,1.235,3,9,136
GINGER ROOT,78.89,80,1.82,0.75,17.77,2,16,0.6,43,34,415,13,0.34,0.226,5,0.025,0.034,0.75,0.16,11,0,2
GRAPE LEAVES,73.32,93,5.6,2.12,17.31,11,363,2.63,95,91,272,9,0.67,0.415,11.1,0.04,0.354,2.362,0.4,83,27521,14
GREEN LEAF LETTUCE,94.98,15,1.36,0.15,2.87,1.3,36,0.86,13,29,194,28,0.18,0.029,9.2,0.07,0.08,0.375,0.09,38,7405,36
GREEN TOMATOES,93,23,1.2,0.2,5.1,1.1,13,0.51,10,28,204,13,0.07,0.09,23.4,0.06,0.04,0.5,0.081,9,642,180
HOT GREEN CHILI PEPPER,87.74,40,2,0.2,9.46,1.5,18,1.2,25,46,340,7,0.3,0.174,242.5,0.09,0.09,0.95,0.278,23,1179,45
HOT RED CHILI PEPPER,88.02,40,1.87,0.44,8.81,1.5,14,1.03,23,43,322,9,0.26,0.129,143.7,0.072,0.086,1.244,0.506,23,952,45
ICEBERG LETTUCE,95.64,14,0.9,0.14,2.97,1.2,18,0.41,7,20,141,10,0.15,0.025,2.8,0.041,0.025,0.123,0.042,29,502,72
IRISH MOSS SEAWEED,81.34,49,1.51,0.16,12.29,1.3,72,8.9,144,157,63,67,1.95,0.149,3,0.015,0.466,0.593,0.069,182,118,10
JERUSALEM-ARTICHOKES,78.01,73,2,0.01,17.44,1.6,14,3.4,17,78,429,4,0.12,0.14,4,0.2,0.06,1.3,0.077,13,20,150
JICAMA,90.07,38,0.72,0.09,8.82,4.9,12,0.6,12,18,150,4,0.16,0.048,20.2,0.02,0.029,0.2,0.042,12,21,120
KALE,84.04,49,4.28,0.93,8.75,3.6,150,1.47,47,92,491,38,0.56,1.499,120,0.11,0.13,1,0.271,141,9990,16
KELP,81.58,43,1.68,0.56,9.57,1.3,168,2.85,121,42,89,233,1.23,0.13,3,0.05,0.15,0.47,0.002,180,116,10
KOHLRABI,91,27,1.7,0.1,6.2,3.6,24,0.4,19,46,350,20,0.03,0.129,62,0.05,0.02,0.4,0.15,16,36,135
LAVER SEAWEED,85.03,35,5.81,0.28,5.11,0.3,70,1.8,2,58,356,48,1.05,0.264,39,0.098,0.446,1.47,0.159,146,5202,26
LEEKS,83,61,1.5,0.3,14.15,1.8,59,2.1,28,35,180,20,0.12,0.12,12,0.06,0.03,0.4,0.233,64,1667,89
LOTUS ROOT,79.1,74,2.6,0.1,17.23,4.9,45,1.16,23,100,556,40,0.39,0.257,44,0.16,0.22,0.4,0.258,13,0,81
MAITAKE MUSHROOMS,90.37,31,1.94,0.19,6.97,2.7,1,0.3,10,74,204,1,0.75,0.252,0,0.146,0.242,6.585,0.056,21,0,70
MOUNTAIN YAM,81.44,67,1.34,0.1,16.3,2.5,26,0.44,12,34,418,13,0.27,0.11,2.6,0.102,0.019,0.481,0.179,14,0,68
MUNG BEAN SPROUTS,90.4,30,3.04,0.18,5.94,1.8,13,0.91,21,54,149,6,0.41,0.164,13.2,0.084,0.124,0.749,0.088,61,21,104
MUSTARD GREENS,90.7,27,2.86,0.42,4.67,3.2,115,1.64,32,58,384,20,0.25,0.165,70,0.08,0.11,0.8,0.18,12,3024,56
MUSTARD SPINACH,92.2,22,2.2,0.3,3.9,2.8,210,1.5,11,28,449,21,0.17,0.075,130,0.068,0.093,0.678,0.153,159,9900,150
NEW ZEALAND SPINACH,94,14,1.5,0.2,2.5,1.5,58,0.8,39,28,130,130,0.38,0.093,30,0.04,0.13,0.5,0.304,15,4400,56
NOPALES,94.12,16,1.32,0.09,3.33,2.2,164,0.59,52,16,257,21,0.25,0.052,9.3,0.012,0.041,0.41,0.07,3,457,86
OKRA,89.58,33,1.93,0.19,7.45,3.2,82,0.62,57,61,299,7,0.58,0.109,23,0.2,0.06,1,0.215,60,716,100
ONIONS,89.11,40,1.1,0.1,9.34,1.7,23,0.21,10,29,146,4,0.17,0.039,7.4,0.046,0.027,0.116,0.12,19,2,160
OYSTER MUSHROOMS,89.18,33,3.31,0.41,6.09,2.3,3,1.33,18,120,420,18,0.77,0.244,0,0.125,0.349,4.956,0.11,38,48,148
PARSNIPS,79.53,75,1.2,0.3,17.99,4.9,36,0.59,29,71,375,10,0.59,0.12,17,0.09,0.05,0.7,0.09,67,0,133
PEA PODS,88.89,42,2.8,0.2,7.55,2.6,43,2.08,24,53,200,4,0.27,0.079,60,0.15,0.08,0.6,0.16,42,1087,98
PEAS,78.86,81,5.42,0.4,14.45,5.7,25,1.47,33,108,244,5,1.24,0.176,40,0.266,0.132,2.09,0.169,65,765,145
POKEBERRY SHOOTS,91.6,23,2.6,0.4,3.7,1.7,53,1.7,18,44,242,23,0.24,0.157,136,0.08,0.33,1.2,0.146,16,8700,160
PORTOBELLA MUSHROOMS,92.82,22,2.11,0.35,3.87,1.3,3,0.31,10,108,364,9,0.53,0.286,0,0.059,0.13,4.494,0.148,28,0,86
POTATOES,79.25,77,2.05,0.09,17.49,2.1,12,0.81,23,57,425,6,0.3,0.11,19.7,0.081,0.032,1.061,0.298,15,2,75
PUMPKIN,91.6,26,1,0.1,6.5,0.5,21,0.8,12,44,340,1,0.32,0.127,9,0.05,0.11,0.6,0.061,16,8513,116
RADICCHIO,93.14,23,1.43,0.25,4.48,0.9,19,0.57,13,40,302,22,0.62,0.341,8,0.016,0.028,0.255,0.057,60,27,40
RADISHES,95.27,16,0.68,0.1,3.4,1.6,25,0.34,10,20,233,39,0.28,0.05,14.8,0.012,0.039,0.254,0.071,25,7,116
RED TOMATOES,94.52,18,0.88,0.2,3.89,1.2,10,0.27,11,24,237,5,0.17,0.059,13.7,0.037,0.019,0.594,0.08,15,833,149
ROMAINE LETTUCE,94.61,17,1.23,0.3,3.29,2.1,33,0.97,14,30,247,8,0.23,0.048,4,0.072,0.067,0.313,0.074,136,8710,47
RUTABAGAS,89.43,37,1.08,0.16,8.62,2.3,43,0.44,20,53,305,12,0.24,0.032,25,0.09,0.04,0.7,0.1,21,2,140
SALSIFY,77,82,3.3,0.2,18.6,3.3,60,0.7,23,75,380,20,0.38,0.089,8,0.08,0.22,0.5,0.277,26,0,133
SCALLIONS,89.83,32,1.83,0.19,7.34,2.6,72,1.48,20,37,276,16,0.39,0.083,18.8,0.055,0.08,0.525,0.061,64,997,100
SHALLOTS,79.8,72,2.5,0.1,16.8,3.2,37,1.2,21,60,334,12,0.4,0.088,8,0.06,0.02,0.2,0.345,34,4,10
SNAP BEANS,90.32,31,1.83,0.22,6.97,2.7,37,1.03,25,38,211,6,0.24,0.069,12.2,0.082,0.104,0.734,0.141,33,690,100
SOYBEANS,67.5,147,12.95,6.8,11.05,4.2,197,3.55,65,194,620,15,0.99,0.128,29,0.435,0.175,1.65,0.065,165,180,256
SPAGHETTI SQUASH,91.6,31,0.64,0.57,6.91,1.5,23,0.31,12,12,108,17,0.19,0.037,2.1,0.037,0.018,0.95,0.101,12,120,101
SPINACH,91.4,23,2.86,0.39,3.63,2.2,99,2.71,79,49,558,79,0.53,0.13,28.1,0.078,0.189,0.724,0.195,194,9377,30
STRAW MUSHROOMS,89.88,32,3.83,0.68,4.64,2.5,10,1.43,7,61,78,384,0.67,0.133,0,0.013,0.07,0.224,0.014,38,0,182
SUMMER SQUASH,94.64,16,1.21,0.18,3.35,1.1,15,0.35,17,38,262,2,0.29,0.051,17,0.048,0.142,0.487,0.218,29,200,113
SWAMP CABBAGE,92.47,19,2.6,0.2,3.14,2.1,77,1.67,71,39,312,113,0.18,0.023,55,0.03,0.1,0.9,0.096,57,6300,56
SWEET GREEN PEPPER,93.89,20,0.86,0.17,4.64,1.7,10,0.34,10,20,175,3,0.13,0.066,80.4,0.057,0.028,0.48,0.224,10,370,149
SWEET POTATO,77.28,86,1.57,0.05,20.12,3,30,0.61,25,47,337,55,0.3,0.151,2.4,0.078,0.061,0.557,0.209,11,14187,133
SWEET RED PEPPER,92.21,31,0.99,0.3,6.03,2.1,7,0.43,12,26,211,4,0.25,0.017,127.7,0.054,0.085,0.979,0.291,46,3131,149
SWEET YELLOW PEPPER,92.02,27,1,0.21,6.32,0.9,11,0.46,12,24,212,2,0.17,0.107,183.5,0.028,0.025,0.89,0.168,26,200,186
SWISS CHARD,92.66,19,1.8,0.2,3.74,1.6,51,1.8,81,46,379,213,0.36,0.179,30,0.04,0.09,0.4,0.099,14,6116,36
TARO,70.64,112,1.5,0.2,26.46,4.1,43,0.55,33,84,591,11,0.23,0.172,4.5,0.095,0.025,0.6,0.283,22,76,104
TARO LEAVES,85.66,42,4.98,0.74,6.7,3.7,107,2.25,45,60,648,3,0.41,0.27,52,0.209,0.456,1.513,0.146,126,4825,28
TOMATILLOS,91.63,32,0.96,1.02,5.84,1.9,7,0.62,20,39,268,1,0.22,0.079,11.7,0.044,0.035,1.85,0.056,7,114,34
TURNIP GREENS,89.67,32,1.5,0.3,7.13,3.2,190,1.1,31,42,296,40,0.19,0.35,60,0.07,0.1,0.6,0.263,194,11587,55
TURNIPS,91.87,28,0.9,0.1,6.43,1.8,30,0.3,11,27,191,67,0.27,0.085,21,0.04,0.03,0.4,0.09,15,0,130
WAKAME SEAWEED,79.99,45,3.03,0.64,9.14,0.5,150,2.18,107,80,50,872,0.38,0.284,3,0.06,0.23,1.6,0.002,196,360,10
WASABI ROOT,69.11,109,4.8,0.63,23.54,7.8,128,1.03,69,80,568,17,1.62,0.155,41.9,0.131,0.114,0.743,0.274,18,35,130
WATERCHESTNUTS,73.46,97,1.4,0.1,23.94,3,11,0.06,22,63,584,14,0.5,0.326,4,0.14,0.2,1,0.328,16,0,62
WATERCRESS,95.11,11,2.3,0.1,1.29,0.5,120,0.2,21,60,330,41,0.11,0.077,43,0.09,0.12,0.2,0.129,9,3191,34
WAXGOURD,96.1,13,0.4,0.2,3,2.9,19,0.4,10,19,6,111,0.61,0.023,13,0.04,0.11,0.4,0.035,5,0,132
WHITE CORN,75.96,86,3.22,1.18,19.02,2.7,2,0.52,37,89,270,15,0.45,0.054,6.8,0.2,0.06,1.7,0.055,46,1,73
WHITE FLOWERED GOURD,95.54,14,0.62,0.02,3.39,0.5,26,0.2,11,13,150,2,0.7,0.026,10.1,0.029,0.022,0.32,0.04,6,16,58
WHITE MUSHROOMS,92.45,22,3.09,0.34,3.26,1,3,0.5,9,86,318,5,0.52,0.318,2.1,0.081,0.402,3.607,0.104,17,0,70
WINTER SQUASH,89.76,34,0.95,0.13,8.59,1.5,28,0.58,14,23,350,4,0.21,0.071,12.3,0.03,0.062,0.5,0.156,24,1367,116
YAM,69.6,118,1.53,0.17,27.88,4.1,17,0.54,21,55,816,9,0.24,0.178,17.1,0.112,0.032,0.552,0.293,23,138,150
YAUTIA,73.06,98,1.46,0.4,23.63,1.5,9,0.98,24,51,598,21,0.5,0.257,5.2,0.097,0.04,0.667,0.237,17,8,135
YELLOW CORN,76.05,86,3.27,1.35,18.7,2,2,0.52,37,89,270,15,0.46,0.054,6.8,0.155,0.055,1.77,0.093,42,187,145
ZUCCHINI,92.73,21,2.71,0.4,3.11,1.1,21,0.79,33,93,459,3,0.83,0.097,34.1,0.042,0.036,0.705,0.142,20,490,16
