"Response","OD","BD","LTD","W"
3.24,2.02,4.87,-0.59,-4.1
3.03,1.96,4.78,-0.75,4.7
3.1,1.81,3.14,-0.38,-4.9
3.16,2.58,3.28,-0.16,-3.2
3.11,2.26,3.28,0.01,5.6
3.13,2.54,4.87,-0.19,4.1
3.46,2.63,6.27,-0.14,5.3
3.24,3.16,7.16,-0.43,2.35E+01
3.57,3.4,7.24,-0.34,1.33E+01
3.12,2.82,7.16,-0.33,-4.5
3.19,1.9,4.78,-0.27,-4.7
3.21,2.15,3.28,-0.2,-4.6
3.22,2.59,3.47,-0.48,-4
3.37,2.08,3.14,-0.26,-2
3.17,1.72,4.78,-0.09,-2.8
3.63,3.55,4.78,-0.17,3.5
3.45,3.67,7.16,-0.34,1.32E+01
3.68,4.73,8.65,-0.54,2.06E+01
3.62,3.6,8.65,-0.7,1.41E+01
3.82,4.12,6.16,-0.46,8.3
3.35,3.49,4.87,-0.31,6.8
3.17,3.48,5.82,-0.34,-4.7
3.2,2.08,3.47,-0.42,-3.7
3.04,2.03,3.14,-0.37,-4.4
2.99,1.74,3.14,-0.42,-4.7
3,1.46,3.14,-0.25,-4.3
3.18,1.86,3.28,-0.02,-4.4
3.28,2.62,3.28,-0.29,4.6
3.23,2.88,5.82,-0.31,7.6
3.52,2.78,4.78,-0.32,1.78E+01
3.13,3.32,7.16,-0.1,-3.6
3.06,2.88,3.47,-0.09,-3.7
3.16,1.97,3.47,-0.07,-5
3.05,1.51,3.28,-0.31,-5
3.08,1.75,3.28,-0.34,-4.2
3.02,1.1,3.14,-0.06,-4.4
3.04,2.98,3.28,-0.28,4.1
3.52,3.06,3.28,-0.52,8.5
