{"chunk_definitions":[{"chunk_id":"csetup_chunk","chunk_label":"setup","document_id":"2846A9B","expansion_state":0,"options":{"engine":"r","include":false,"label":"setup"},"row":9,"row_count":1,"visible":true},{"chunk_id":"cq993rjyqqdq4","chunk_label":"fit.remaining.models","document_id":"2846A9B","expansion_state":0,"options":{"engine":"r","label":"fit.remaining.models"},"row":51,"row_count":1,"visible":true},{"chunk_id":"cznk91vgddczj","chunk_label":"show.model.list.elements","document_id":"2846A9B","expansion_state":0,"options":{"engine":"r","label":"show.model.list.elements"},"row":59,"row_count":1,"visible":true},{"chunk_id":"ca2n2ikbmte6j","chunk_label":"extract.aic","document_id":"2846A9B","expansion_state":0,"options":{"engine":"r","label":"extract.aic"},"row":67,"row_count":1,"visible":true},{"chunk_id":"cl6w1rbspju3h","chunk_label":"rename.k.and.aic.columns","document_id":"2846A9B","expansion_state":0,"options":{"engine":"r","label":"rename.k.and.aic.columns"},"row":75,"row_count":1,"visible":true},{"chunk_id":"c2wx69jwpapj4","chunk_label":"calculate.AICc","document_id":"2846A9B","expansion_state":0,"options":{"engine":"r","label":"calculate.AICc"},"row":83,"row_count":1,"visible":true},{"chunk_id":"crrdgyhi64egk","chunk_label":"calculate.delta.AICc","document_id":"2846A9B","expansion_state":0,"options":{"engine":"r","label":"calculate.delta.AICc"},"row":91,"row_count":1,"visible":true},{"chunk_id":"ciy3xzxz4m25a","chunk_label":"calculate.AICc.weights","document_id":"2846A9B","expansion_state":0,"options":{"engine":"r","label":"calculate.AICc.weights"},"row":99,"row_count":1,"visible":true},{"chunk_id":"c2yc6t2qbrmca","chunk_label":"sort.and.display.output","document_id":"2846A9B","expansion_state":0,"options":{"engine":"r","label":"sort.and.display.output"},"row":108,"row_count":1,"visible":true},{"chunk_id":"c4lmdievnpjl0","chunk_label":"which.models.variables.are.in","document_id":"2846A9B","expansion_state":0,"options":{"engine":"r","label":"which.models.variables.are.in"},"row":121,"row_count":1,"visible":true}],"default_chunk_options":{"echo":true,"error":false},"doc_write_time":1572726920,"working_dir":null}