{"chunk_definitions":[{"row":13,"row_count":1,"visible":true,"expansion_state":0,"options":{"engine":"r","label":"setup","include":false},"document_id":"53E807BD","chunk_id":"csetup_chunk","chunk_label":"setup"},{"row":91,"row_count":1,"visible":true,"expansion_state":0,"options":{"engine":"r","label":"import.estimate.mean"},"document_id":"53E807BD","chunk_id":"cw0gmqinff1xw","chunk_label":"import.estimate.mean"},{"row":99,"row_count":1,"visible":true,"expansion_state":0,"options":{"engine":"r","label":"calculate.analytical.mean"},"document_id":"53E807BD","chunk_id":"c99swqtiyf0l0","chunk_label":"calculate.analytical.mean"},{"row":167,"row_count":1,"visible":true,"expansion_state":0,"options":{"engine":"r","label":"import.regression.data"},"document_id":"53E807BD","chunk_id":"cunewvunijtqh","chunk_label":"import.regression.data"},{"row":176,"row_count":1,"visible":true,"expansion_state":0,"options":{"engine":"r","label":"linear.regression"},"document_id":"53E807BD","chunk_id":"crugce4kjuelm","chunk_label":"linear.regression"},{"row":188,"row_count":1,"visible":true,"expansion_state":0,"options":{"engine":"r","label":"linear.regression.loglike"},"document_id":"53E807BD","chunk_id":"chfr7a3yutwlp","chunk_label":"linear.regression.loglike"},{"row":204,"row_count":1,"visible":true,"expansion_state":0,"options":{"engine":"r","label":"quad.regression"},"document_id":"53E807BD","chunk_id":"c9oz2y2nuiwta","chunk_label":"quad.regression"},{"row":216,"row_count":1,"visible":true,"expansion_state":0,"options":{"engine":"r","label":"quad.regression.loglike"},"document_id":"53E807BD","chunk_id":"cwd3wtzjinhl8","chunk_label":"quad.regression.loglike"},{"row":229,"row_count":1,"visible":true,"expansion_state":0,"options":{"engine":"r","label":"intercept.only"},"document_id":"53E807BD","chunk_id":"ci0mbx0q2a6sv","chunk_label":"intercept.only"},{"row":240,"row_count":1,"visible":true,"expansion_state":0,"options":{"engine":"r","label":"int.only.log.likelihood"},"document_id":"53E807BD","chunk_id":"cjuwhangqs1gm","chunk_label":"int.only.log.likelihood"},{"row":254,"row_count":1,"visible":true,"expansion_state":0,"options":{"engine":"r","label":"likelihood.ratio.tests"},"document_id":"53E807BD","chunk_id":"chtzqbt2qt9g2","chunk_label":"likelihood.ratio.tests"}],"doc_write_time":1618331850,"working_dir":null,"default_chunk_options":{"echo":true}}