"0",""
"0","models.list$taxa.lm <- lm(log.brain ~ log.body + Taxa, data = brains)"
"0","models.list$taxa.int.lm <- lm(log.brain ~ log.body * Taxa, data = brains)"
"0","models.list$dino.lm <- lm(log.brain ~ log.body + Dino.nodino, data = brains)"
"0","models.list$dino.int.lm <- lm(log.brain ~ log.body * Dino.nodino, data = brains)"
"0","models.list$primate.lm <- lm(log.brain ~ log.body + Primate.noprimate, data = brains)"
"0","models.list$primate.int.lm <- lm(log.brain ~ log.body * Primate.noprimate, data = brains)"
"0","models.list$dpo.lm <- lm(log.brain ~ log.body + Dino.prim.other, data = brains)"
"0","models.list$dpo.int.lm <- lm(log.brain ~ log.body * Dino.prim.other, data = brains)"
"0","models.list$intercept.only.lm <- lm(log.brain ~ 1, data = brains)"
