{"chunk_definitions":[{"row":9,"row_count":1,"visible":true,"expansion_state":0,"options":{"engine":"r","include":false,"label":"setup"},"document_id":"2846A9B","chunk_id":"csetup_chunk","chunk_label":"setup"},{"row":12,"row_count":1,"visible":true,"expansion_state":0,"options":{"engine":"r","label":"setup","include":false},"document_id":"2846A9B","chunk_id":"csetup_chunk","chunk_label":"setup"},{"row":24,"row_count":1,"visible":true,"expansion_state":0,"options":{"engine":"r","label":"import.data"},"document_id":"2846A9B","chunk_id":"cain7ynuoy9k8","chunk_label":"import.data"},{"row":32,"row_count":1,"visible":true,"expansion_state":0,"options":{"engine":"r","label":"make.models.list"},"document_id":"2846A9B","chunk_id":"crg5apykkg1ng","chunk_label":"make.models.list"},{"row":40,"row_count":1,"visible":true,"expansion_state":0,"options":{"engine":"r","label":"log.brain.on.log.body"},"document_id":"2846A9B","chunk_id":"chp2y2dw2r1mn","chunk_label":"log.brain.on.log.body"},{"row":55,"row_count":1,"visible":true,"expansion_state":0,"options":{"engine":"r","label":"fit.remaining.models"},"document_id":"2846A9B","chunk_id":"cmy68wsgb0ra2","chunk_label":"fit.remaining.models"},{"row":63,"row_count":1,"visible":true,"expansion_state":0,"options":{"engine":"r","label":"show.model.list.elements"},"document_id":"2846A9B","chunk_id":"cbcjoxoxmdi6i","chunk_label":"show.model.list.elements"},{"row":80,"row_count":1,"visible":true,"expansion_state":0,"options":{"engine":"r","label":"extract.aic"},"document_id":"2846A9B","chunk_id":"ct3mzgp1r0z6x","chunk_label":"extract.aic"},{"row":88,"row_count":1,"visible":true,"expansion_state":0,"options":{"engine":"r","label":"rename.k.and.aic.columns"},"document_id":"2846A9B","chunk_id":"cejghcdbry6rv","chunk_label":"rename.k.and.aic.columns"},{"row":96,"row_count":1,"visible":true,"expansion_state":0,"options":{"engine":"r","label":"calculate.AICc"},"document_id":"2846A9B","chunk_id":"ckt40btofb9jc","chunk_label":"calculate.AICc"},{"row":104,"row_count":1,"visible":true,"expansion_state":0,"options":{"engine":"r","label":"calculate.delta.AICc"},"document_id":"2846A9B","chunk_id":"ct6rzmzzet0jd","chunk_label":"calculate.delta.AICc"},{"row":112,"row_count":1,"visible":true,"expansion_state":0,"options":{"engine":"r","label":"calculate.AICc.weights"},"document_id":"2846A9B","chunk_id":"c6omgor8wjpx5","chunk_label":"calculate.AICc.weights"},{"row":120,"row_count":1,"visible":true,"expansion_state":0,"options":{"engine":"r","label":"sort.and.display.output"},"document_id":"2846A9B","chunk_id":"c4lmdievnpjl0","chunk_label":"sort.and.display.output"},{"row":141,"row_count":1,"visible":true,"expansion_state":0,"options":{"engine":"r","label":"which.models.variables.are.in"},"document_id":"2846A9B","chunk_id":"cp1qitnbm3khy","chunk_label":"which.models.variables.are.in"},{"row":151,"row_count":1,"visible":true,"expansion_state":0,"options":{"engine":"r","label":"make.variable.inclusion.data.frame"},"document_id":"2846A9B","chunk_id":"cmqe3sllhsjnx","chunk_label":"make.variable.inclusion.data.frame"},{"row":159,"row_count":1,"visible":true,"expansion_state":0,"options":{"engine":"r","label":"calculate.variable.weights"},"document_id":"2846A9B","chunk_id":"c5hwdxaf3je60","chunk_label":"calculate.variable.weights"},{"row":175,"row_count":1,"visible":true,"expansion_state":0,"options":{"engine":"r","label":"check.assumptions"},"document_id":"2846A9B","chunk_id":"czexezegz5elg","chunk_label":"check.assumptions"}],"doc_write_time":1619891750,"working_dir":null,"default_chunk_options":{"echo":true},"chunk_rendered_width":623}