"Species","Cow","Goat","Giraffe","Sheep","Pig","Gray wolf","Cat","Jaguar","Diplodocus","Triceratops","Brachiosaurus","Donkey","Horse","Potar monkey","Gorilla","Human","Rhesus monkey","Chimpanzee","Asian Elephant","Africian elephant","Mt Beaver","Guinea Pig","Hamster","Mouse","Rat","Mole"
"Taxa","Artiodactyla","Artiodactyla","Artiodactyla","Artiodactyla","Artiodactyla","Carnivora","Carnivora","Carnivora","Dinosaur","Dinosaur","Dinosaur","Perissodactyla","Perissodactyla","Primates","Primates","Primates","Primates","Primates","Proboscidae","Proboscidae","Rodentia","Rodentia","Rodentia","Rodentia","Rodentia","Rodentia"
"dino.no","Nodino","Nodino","Nodino","Nodino","Nodino","Nodino","Nodino","Nodino","Dinosaur","Dinosaur","Dinosaur","Nodino","Nodino","Nodino","Nodino","Nodino","Nodino","Nodino","Nodino","Nodino","Nodino","Nodino","Nodino","Nodino","Nodino","Nodino"
"primate.no","Noprimate","Noprimate","Noprimate","Noprimate","Noprimate","Noprimate","Noprimate","Noprimate","Noprimate","Noprimate","Noprimate","Noprimate","Noprimate","Primate","Primate","Primate","Primate","Primate","Noprimate","Noprimate","Noprimate","Noprimate","Noprimate","Noprimate","Noprimate","Noprimate"
"prim.dino.other","other","other","other","other","other","other","other","other","dino","dino","dino","other","other","primate","primate","primate","primate","primate","other","other","other","other","other","other","other","other"
"logbody",2.667453051,1.441852212,2.723455667,1.744292974,2.283301115,1.560265422,0.518513918,2,4.068185806,3.973127842,4.939519405,2.272073746,2.716837645,1,2.315970421,1.792391658,0.832508922,1.717337608,3.406028986,3.823082685,0.130333781,0.017033324,-0.920818746,-1.638272166,-0.552841961,-0.913640141
"logbrain",2.626340389,2.060697794,2.832508802,2.243037939,2.255272388,2.077368021,1.408239961,2.195899725,1.69896996,1.845098019,2.188928366,2.622214079,2.816241264,2.060697794,2.608525991,3.120573997,2.252852917,2.643452644,3.663040876,3.756788254,0.908485055,0.740362704,0,-0.39794001,0.278753608,0.477121264
