{"chunk_definitions":[{"row":13,"row_count":1,"visible":true,"expansion_state":0,"options":{"engine":"r","label":"setup","include":false},"document_id":"53E807BD","chunk_id":"csetup_chunk","chunk_label":"setup"},{"row":85,"row_count":1,"visible":true,"expansion_state":0,"options":{"engine":"r","label":"import.estimate.mean"},"document_id":"53E807BD","chunk_id":"cw0gmqinff1xw","chunk_label":"import.estimate.mean"},{"row":157,"row_count":1,"visible":true,"expansion_state":0,"options":{"engine":"r","label":"import.regression.data"},"document_id":"53E807BD","chunk_id":"cunewvunijtqh","chunk_label":"import.regression.data"}],"doc_write_time":1619489021}